GAB1	activation	PIK3R1
PDGFRA	activation	JAK1
PDGFRA	effect	JAK1
PDGFRA	activation	JAK2
PDGFRA	activation	SRC
PDGFRA	inhibition	GAB1
PDGFRA	effect	GAB1
PDGFRA	inhibition	PLCG1
PDGFRA	inhibition	PLCG2
PDGFRA	inhibition	SHC2
PDGFRA	inhibition	SHC4
PDGFRA	effect	SHC4
PDGFRA	inhibition	SHC3
PDGFRA	effect	SHC3
PDGFRA	inhibition	SHC1
PDGFRA	effect	SHC1
IGF1	inhibition	IGF1R
PDGFA	inhibition	PDGFRA
PDGFA	inhibition	PDGFRB
PDGFA	effect	PDGFRB
PDGFB	inhibition	PDGFRA
PDGFB	effect	PDGFRA
PDGFC	inhibition	PDGFRA
PDGFD	inhibition	PDGFRA
EGFR	activation	PIK3R1
PIK3R1	activation	AKT3
PIK3R1	activation	AKT1
PIK3R1	activation	AKT2
IGF1	activation	IGF1R
IGF1	effect	IGF1R
IGF1R	activation	PIK3R1
IGF1R	effect	PIK3R1
ERBB2	activation	PIK3R1
ERBB2	effect	PIK3R1
PTK2	activation	PIK3R1
PTK2	effect	PIK3R1
CASP8	activation	CASP3
CASP8	effect	CASP3
CASP8	activation	BID
CASP8	effect	BID
CASP8	activation	ATM
CASP8	effect	ATM
CASP8	inhibition	TP53
CASP8	effect	TP53
FADD	inhibition	CASP8
FADD	effect	CASP8
ERBB2	inhibition	PIK3R1
PIK3R1	inhibition	PDPK1
CDK9	effect	SUPT4H1
PPARA	activation	APOA1
PPARA	activation	APOA2
PPARA	activation	CPT1A
RXRA	activation	APOA1
RXRA	activation	APOA2
RXRA	activation	CPT1A
RXRA	activation	FABP3
RXRA	activation	OLR1
RXRA	activation	GK
RXRB	activation	APOA1
RXRB	activation	APOA2
RXRB	activation	CPT1A
RXRB	activation	FABP3
RXRB	activation	OLR1
RXRB	activation	GK
RXRG	activation	APOA1
RXRG	activation	APOA2
RXRG	activation	CPT1A
RXRG	activation	FABP3
RXRG	activation	OLR1
RXRG	activation	GK
PPARD	activation	FABP3
PPARD	activation	CPT1A
PPARG	activation	OLR1
PPARG	activation	CPT1A
PPARG	activation	GK
DUSP4	activation	MAPK1
DUSP4	activation	MAPK3
DUSP4	activation	MAPK8
DUSP4	activation	MAPK9
DUSP4	activation	MAPK10
DUSP4	activation	MAPK14
DUSP4	activation	MAPK11
DUSP4	activation	MAPK13
DUSP4	activation	MAPK12
DUSP7	activation	MAPK1
DUSP7	activation	MAPK3
DUSP7	activation	MAPK8
DUSP7	activation	MAPK9
DUSP7	activation	MAPK10
DUSP7	activation	MAPK14
DUSP7	activation	MAPK11
DUSP7	activation	MAPK13
MAPK1	activation	PLA2G4F
MAPK1	activation	MKNK1
MAPK1	activation	MYC
MAPK3	effect	PLA2G4F
MAPK3	effect	MKNK1
MAPK3	effect	MYC
GNG12	effect	RASA2
GRB2	effect	KIT
GRB2	effect	PDGFRA
MAP4K1	activation	MAP3K11
MKNK1	activation	ATF4
CSF1	activation	KIT
CSF1	activation	PDGFRA
EFNA1	activation	CSF1R
EFNA1	activation	EGFR
EFNA1	activation	EPHA2
EFNA1	activation	ERBB2
EFNA1	activation	ERBB3
EFNA1	activation	ERBB4
EFNA1	activation	FGFR1
EFNA1	activation	FGFR3
EFNA1	activation	FGFR2
EFNA1	activation	FGFR4
EFNA1	activation	FLT1
EFNA1	activation	FLT3
EFNA1	activation	FLT4
EFNA1	activation	IGF1R
EFNA1	activation	INSR
EFNA1	activation	KDR
EFNA1	activation	KIT
EFNA1	activation	MET
EFNA1	activation	NGFR
EFNA1	activation	NTRK1
EFNA1	activation	NTRK2
EFNA1	activation	PDGFRA
EFNA1	activation	PDGFRB
EFNA1	activation	RET
EFNA1	activation	TEK
EFNA2	activation	KIT
EFNA2	activation	PDGFRA
EFNA3	activation	KIT
EFNA3	activation	PDGFRA
EFNA4	activation	KIT
EFNA4	activation	PDGFRA
EFNA5	activation	KIT
EFNA5	activation	PDGFRA
EGF	activation	KIT
EGF	activation	PDGFRA
EREG	activation	KIT
EREG	activation	PDGFRA
FGF1	activation	KIT
FGF1	activation	PDGFRA
FGF2	activation	KIT
FGF2	activation	PDGFRA
FGF3	activation	KIT
FGF3	activation	PDGFRA
FGF4	activation	CSF1R
FGF4	activation	EGFR
FGF4	activation	EPHA2
FGF4	activation	ERBB2
FGF4	activation	ERBB3
FGF4	activation	ERBB4
FGF4	activation	FGFR1
FGF4	activation	FGFR3
FGF4	activation	FGFR2
FGF4	activation	FGFR4
FGF4	activation	FLT1
FGF4	activation	FLT3
FGF4	activation	FLT4
FGF4	activation	IGF1R
FGF4	activation	INSR
FGF4	activation	KDR
FGF4	activation	KIT
FGF4	activation	MET
FGF4	activation	NGFR
FGF4	activation	NTRK1
FGF4	activation	NTRK2
FGF4	activation	PDGFRA
FGF4	activation	PDGFRB
FGF4	activation	RET
FGF4	activation	TEK
FGF5	activation	KIT
FGF5	activation	PDGFRA
FGF6	activation	KIT
FGF6	activation	PDGFRA
FGF7	activation	KIT
FGF7	activation	PDGFRA
FGF8	activation	KIT
FGF8	activation	PDGFRA
FGF9	activation	KIT
FGF9	activation	PDGFRA
FGF10	activation	KIT
FGF10	activation	PDGFRA
VEGFD	activation	KIT
VEGFD	activation	PDGFRA
FLT3LG	activation	KIT
FLT3LG	activation	PDGFRA
FGF20	activation	KIT
FGF20	activation	PDGFRA
FGF21	activation	KIT
FGF21	activation	PDGFRA
GDNF	activation	KIT
GDNF	activation	PDGFRA
FGF22	activation	KIT
FGF22	activation	PDGFRA
ANGPT1	activation	KIT
ANGPT1	activation	PDGFRA
ANGPT2	activation	KIT
ANGPT2	activation	PDGFRA
HGF	activation	KIT
HGF	activation	PDGFRA
IGF1	activation	CSF1R
IGF1	activation	EGFR
IGF1	activation	EPHA2
IGF1	activation	ERBB2
IGF1	activation	ERBB3
IGF1	activation	ERBB4
IGF1	activation	FGFR1
IGF1	activation	FGFR3
IGF1	activation	FGFR2
IGF1	activation	FGFR4
IGF1	activation	FLT1
IGF1	activation	FLT3
IGF1	activation	FLT4
IGF1	activation	INSR
IGF1	activation	KDR
IGF1	activation	KIT
IGF1	activation	MET
IGF1	activation	NGFR
IGF1	activation	NTRK1
IGF1	activation	NTRK2
IGF1	activation	PDGFRA
IGF1	activation	PDGFRB
IGF1	activation	RET
IGF1	activation	TEK
IGF2	activation	KIT
IGF2	activation	PDGFRA
INS	activation	KIT
INS	activation	PDGFRA
AREG	activation	KIT
AREG	activation	PDGFRA
KITLG	activation	KIT
KITLG	activation	PDGFRA
NGF	activation	KIT
NGF	activation	PDGFRA
NRTN	activation	KIT
NRTN	activation	PDGFRA
NTF3	activation	KIT
NTF3	activation	PDGFRA
NTF4	activation	KIT
NTF4	activation	PDGFRA
ANGPT4	activation	KIT
ANGPT4	activation	PDGFRA
PDGFA	activation	CSF1R
PDGFA	activation	EGFR
PDGFA	activation	EPHA2
PDGFA	activation	ERBB2
PDGFA	activation	ERBB3
PDGFA	activation	ERBB4
PDGFA	activation	FGFR1
PDGFA	activation	FGFR3
PDGFA	activation	FGFR2
PDGFA	activation	FGFR4
PDGFA	activation	FLT1
PDGFA	activation	FLT3
PDGFA	activation	FLT4
PDGFA	activation	IGF1R
PDGFA	activation	INSR
PDGFA	activation	KDR
PDGFA	activation	KIT
PDGFA	activation	MET
PDGFA	activation	NGFR
PDGFA	activation	NTRK1
PDGFA	activation	NTRK2
PDGFA	activation	PDGFRA
PDGFA	activation	PDGFRB
PDGFA	activation	RET
PDGFA	activation	TEK
PDGFB	activation	KIT
PDGFB	activation	PDGFRA
PGF	activation	KIT
PGF	activation	PDGFRA
PDGFC	activation	KIT
PDGFC	activation	PDGFRA
PSPN	activation	KIT
PSPN	activation	PDGFRA
BDNF	activation	KIT
BDNF	activation	PDGFRA
TGFA	activation	KIT
TGFA	activation	PDGFRA
VEGFA	activation	KIT
VEGFA	activation	PDGFRA
VEGFB	activation	KIT
VEGFB	activation	PDGFRA
VEGFC	activation	KIT
VEGFC	activation	PDGFRA
PDGFD	activation	KIT
PDGFD	activation	PDGFRA
FGF23	activation	KIT
FGF23	activation	PDGFRA
FGF18	activation	KIT
FGF18	activation	PDGFRA
FGF17	activation	KIT
FGF17	activation	PDGFRA
FGF16	activation	KIT
FGF16	activation	PDGFRA
ARTN	activation	KIT
ARTN	activation	PDGFRA
FGF19	activation	KIT
FGF19	effect	KIT
PLCG1	activation	CAMK2D
PLCG2	activation	CAMK2D
PIK3R1	effect	AKT2
MAPK3	activation	MYC
FGF19	activation	PDGFRA
KIT	activation	SHC2
PDGFRA	activation	SHC2
KIT	activation	SHC4
PDGFRA	activation	SHC4
KIT	activation	SHC3
PDGFRA	activation	SHC3
KIT	activation	SHC1
PDGFRA	activation	SHC1
HTR7	activation	GNG12
GNG12	activation	RASGRF1
GNG12	activation	RASGRF2
RRAS2	activation	PIK3R1
MRAS	activation	PIK3R1
HRAS	activation	PIK3R1
KRAS	activation	PIK3R1
NRAS	activation	PIK3R1
RRAS	activation	PIK3R1
PIK3R1	activation	RAC1
PIK3R1	activation	RAC2
PIK3R1	activation	RAC3
MAPK3	activation	PLA2G4F
RAP1A	activation	MAP2K6
RAP1A	activation	PIK3R1
RAP1B	activation	MAP2K6
RAP1B	activation	PIK3R1
KIT	activation	PLCB1
KIT	activation	PLCB2
KIT	activation	PLCB3
KIT	activation	PLCB4
KIT	activation	CRK
KIT	activation	CRKL
PDGFRA	activation	PLCB1
PDGFRA	activation	PLCB2
PDGFRA	activation	PLCB3
PDGFRA	activation	PLCB4
PDGFRA	activation	CRK
PDGFRA	activation	CRKL
MAP2K6	activation	MAPK14
MAP2K6	activation	MAPK11
MAP2K6	activation	MAPK13
MAP2K6	activation	MAPK12
CDH1	activation	RAPGEF1
F2R	activation	GNAS
F2R	activation	GNAQ
CTNNB1	activation	CDH1
MAGI3	activation	RAPGEF6
MAGI1	activation	RAPGEF6
MAGI2	activation	RAPGEF6
RAPGEF6	activation	RAP1A
RAPGEF6	activation	RAP1B
CTNND1	activation	CDH1
TLN1	activation	ITGA2B
TLN2	activation	ITGA2B
CAMK2D	activation	CALML6
CAMK2D	activation	CALML5
CAMK2D	activation	CALM1
CAMK2D	activation	CALM2
CAMK2D	activation	CALM3
CAMK2D	activation	CALML3
CAMK2D	activation	CALML4
F2R	activation	GNA11
F2R	activation	GNA15
F2R	activation	GNA14
CXCR4	activation	GNA11
CXCR4	activation	GNA15
CXCR4	activation	GNAQ
CXCR4	activation	GNA14
FGF4	activation	MST1R
FGF4	activation	NTRK3
MST1	activation	PDGFRA
PDGFA	activation	MST1R
PDGFA	activation	NTRK3
FGF16	effect	PDGFRA
PRKG1	activation	ATP1B3
PRKG1	activation	CREB1
PRKG2	activation	ATP1B3
PRKG2	activation	CREB1
ADRA1D	activation	GNA13
ADRA1B	activation	GNA13
ADRA1A	activation	GNA13
ADRA2A	activation	GNA13
ADRA2B	activation	GNA13
ADRA2C	activation	GNA13
AGTR1	activation	GNA13
EDNRA	activation	GNA13
EDNRB	activation	GNA13
NFATC1	activation	MYH6
NFATC1	effect	MYH6
NFATC1	activation	MYH7
NFATC1	effect	MYH7
NFATC1	activation	GATA4
NFATC1	effect	GATA4
NFATC2	activation	MYH6
NFATC2	effect	MYH6
NFATC2	activation	MYH7
NFATC2	effect	MYH7
NFATC2	inhibition	GATA4
NFATC2	effect	GATA4
NFATC3	inhibition	MYH6
NFATC3	effect	MYH6
NFATC3	inhibition	MYH7
NFATC3	effect	MYH7
NFATC3	inhibition	GATA4
NFATC3	effect	GATA4
NFATC4	inhibition	MYH6
NFATC4	effect	MYH6
NFATC4	inhibition	MYH7
NFATC4	effect	MYH7
NFATC4	inhibition	GATA4
PRKACA	activation	SOX9
PRKACA	activation	TNNI3
PRKACA	activation	CREB1
PRKACB	activation	SOX9
PRKACB	activation	TNNI3
PRKACB	activation	CREB1
PRKACG	activation	SOX9
PRKACG	activation	TNNI3
PRKACG	activation	CREB1
MAPK1	activation	CREB1
MAPK3	activation	CREB1
CREB1	activation	BDNF
CREB1	activation	FOS
CREB1	activation	JUN
CAMK2D	activation	ADCY1
CAMK2D	activation	ADCY2
CAMK2D	activation	ADCY3
CAMK2D	activation	ADCY5
CAMK2D	activation	ADCY6
CAMK2D	activation	ADCY7
CAMK2D	activation	ADCY8
CAMK2D	activation	ADCY9
CAMK2D	activation	ADCY4
CAMK2D	activation	PDE10A
CAMK2D	activation	PDE3A
CAMK2D	activation	PDE3B
CAMK2D	activation	PDE4A
CAMK2D	activation	PDE4B
CAMK2D	activation	PDE4C
CAMK2D	activation	PDE4D
NFATC1	inhibition	F2R
SOX9	inhibition	AMH
FXYD1	activation	ATP1B3
FXYD1	effect	ATP1B3
PPP1CA	activation	CREB1
PPP1CA	effect	CREB1
PPP1CB	activation	CREB1
PPP1CB	effect	CREB1
PPP1CC	activation	CREB1
PPP1CC	effect	CREB1
POMC	activation	ADCYAP1R1
POMC	activation	ADORA2A
POMC	activation	CRHR1
POMC	activation	CRHR2
POMC	activation	GPR119
POMC	activation	ADRB1
POMC	activation	ADRB2
POMC	activation	DRD1
POMC	activation	DRD5
POMC	activation	FSHR
POMC	activation	GIPR
POMC	activation	GLP1R
POMC	activation	HTR4
POMC	activation	HTR6
POMC	activation	LHCGR
POMC	activation	MC2R
POMC	activation	NPR1
POMC	activation	PTGER2
POMC	activation	TSHR
POMC	activation	VIPR2
BMP2	activation	BMPR1A
BMP2	activation	ACVR2A
BMP2	activation	ACVR2B
BMP2	activation	BMPR2
BMP2	activation	BMPR1B
INHBB	activation	ACVR1B
INHBA	activation	ACVR1B
TNFSF13	activation	TNFRSF17
TNFSF13	activation	TNFRSF13B
TNFSF8	activation	TNFRSF8
CD70	activation	CD27
IL23A	activation	IL12RB1
IL23A	activation	IL23R
PF4	activation	CXCR3
CXCL12	activation	CXCR4
CXCL12	activation	ACKR3
GDF10	activation	ACVR1B
GDF11	activation	ACVR1B
MSTN	activation	ACVR1B
GDF9	activation	ACVR1B
GDF9	activation	BMPR2
GDF15	activation	TGFBR2
BMP6	activation	ACVR2A
BMP6	activation	ACVR1
BMP6	activation	ACVR2B
BMP6	activation	BMPR2
BMP6	activation	BMPR1A
BMP6	activation	BMPR1B
BMP15	activation	BMPR2
BMP15	activation	BMPR1B
PF4	activation	CXCR6
CXCL12	activation	CXCR6
PF4	activation	CCR9
CXCL12	activation	CCR9
PF4	activation	CCR1
CXCL12	activation	CCR1
PF4	activation	CCR3
CXCL12	activation	CCR3
PF4	activation	CCR4
CXCL12	activation	CCR4
PF4	activation	CCR5
CXCL12	activation	CCR5
PF4	activation	CCR6
CXCL12	activation	CCR6
PF4	activation	CCR7
CXCL12	activation	CCR7
PF4	activation	CCR8
CXCL12	activation	CCR8
PF4	activation	CX3CR1
CXCL12	activation	CX3CR1
PF4	activation	CCR10
CXCL12	activation	CCR10
PF4	activation	XCR1
CXCL12	activation	XCR1
CXCL12	activation	CXCR3
PF4	activation	CXCR1
CXCL12	activation	CXCR1
PF4	activation	CXCR2
CXCL12	activation	CXCR2
PF4	activation	CXCR5
CXCL12	activation	CXCR5
PF4	activation	CCR2
CXCL12	activation	CCR2
CCL26	activation	CXCR4
CXCL13	activation	CXCR4
CCL27	activation	CXCR4
CXCL1	activation	CXCR4
CXCL2	activation	CXCR4
CXCL3	activation	CXCR4
CXCL8	activation	CXCR4
CXCL10	activation	CXCR4
CCL4L1	activation	CXCR4
CCL3L3	activation	CXCR4
CXCL9	activation	CXCR4
PF4	activation	CXCR4
PF4V1	activation	CXCR4
PPBP	activation	CXCR4
CCL28	activation	CXCR4
CXCL16	activation	CXCR4
CCL1	activation	CXCR4
CCL2	activation	CXCR4
CCL3	activation	CXCR4
CCL3L1	activation	CXCR4
CCL4	activation	CXCR4
CCL5	activation	CXCR4
CCL7	activation	CXCR4
CCL8	activation	CXCR4
CCL11	activation	CXCR4
CCL13	activation	CXCR4
CCL14	activation	CXCR4
CCL15	activation	CXCR4
CCL16	activation	CXCR4
CCL17	activation	CXCR4
CCL18	activation	CXCR4
CCL19	activation	CXCR4
CCL20	activation	CXCR4
CCL21	activation	CXCR4
CCL22	activation	CXCR4
CCL23	activation	CXCR4
CCL24	activation	CXCR4
CCL25	activation	CXCR4
CXCL6	activation	CXCR4
CXCL11	activation	CXCR4
CXCL5	activation	CXCR4
XCL1	activation	CXCR4
CX3CL1	activation	CXCR4
XCL2	activation	CXCR4
CXCL14	activation	CXCR4
CCL4L2	activation	CXCR4
CXCR4	activation	JAK2
CXCR4	activation	JAK3
CXCR4	activation	GNAI1
CXCR4	activation	GNAI2
CXCR4	activation	GNAI3
FGR	activation	PIK3R1
FGR	effect	PIK3R1
HCK	activation	PIK3R1
HCK	effect	PIK3R1
LYN	activation	PIK3R1
LYN	effect	PIK3R1
SRC	activation	PIK3R1
SRC	effect	PIK3R1
PIK3R1	activation	HRAS
PIK3R1	activation	KRAS
PIK3R1	activation	NRAS
PIK3R1	activation	PRKCZ
PIK3R1	activation	ITK
PIK3R1	activation	PREX1
GNG12	activation	PREX1
GNG12	activation	PIK3CA
GNG12	activation	PIK3CB
GNG12	activation	PIK3CD
GNB5	activation	PIK3R1
GNB1	activation	PIK3R1
GNB2	activation	PIK3R1
GNB3	activation	PIK3R1
GNG3	activation	PIK3R1
GNG4	activation	PIK3R1
GNG5	activation	PIK3R1
GNG7	activation	PIK3R1
GNG10	activation	PIK3R1
GNG11	activation	PIK3R1
GNGT1	activation	PIK3R1
GNGT2	activation	PIK3R1
GNG13	activation	PIK3R1
GNG2	activation	PIK3R1
GNG12	activation	PIK3R1
GNB4	activation	PIK3R1
GNG8	activation	PIK3R1
GNG12	activation	PIK3R2
GNG12	activation	PIK3R3
FGR	activation	PTK2B
FGR	effect	PTK2B
HCK	activation	PTK2B
HCK	effect	PTK2B
LYN	activation	PTK2B
LYN	effect	PTK2B
SRC	activation	PTK2B
SRC	effect	PTK2B
PIK3R1	activation	PTK2
PIK3R1	effect	PTK2
GNG12	activation	PLCB1
GNG12	activation	PLCB2
GNG12	activation	PLCB3
GNG12	activation	PLCB4
GNG12	activation	PLCG1
GNG12	activation	PLCG2
GRK7	effect	CXCR4
GRK2	effect	CXCR4
GRK3	effect	CXCR4
GRK4	effect	CXCR4
GRK5	effect	CXCR4
GRK6	effect	CXCR4
GRK1	effect	CXCR4
PRKCB	activation	PTK2B
PRKCD	activation	PTK2B
PTK2B	activation	PTK2
PTK2B	activation	CRK
PTK2B	activation	CRKL
PTK2B	activation	BCAR1
PTK2B	activation	PXN
NFKB2	activation	CXCL12
RELB	activation	CXCL12
NFKB1	activation	CFLAR
NFKB1	activation	VCAM1
RELA	activation	VCAM1
ARNT	activation	TFRC
ARNT	activation	LDHA
ARNT	activation	LDHB
CREBBP	activation	TFRC
CREBBP	activation	LDHA
CREBBP	activation	LDHB
EP300	inhibition	TFRC
EP300	activation	LDHA
EP300	activation	LDHB
HIF1A	activation	TFRC
HIF1A	activation	LDHA
HIF1A	activation	LDHB
INSR	activation	PIK3R1
CAMK2D	activation	CREBBP
CAMK2D	activation	EP300
MAPK3	activation	MKNK1
MKNK1	activation	EIF4E
MKNK1	activation	EIF4E1B
MKNK1	activation	EIF4E2
IRS1	activation	PIK3R1
IRS4	activation	PIK3R1
IRS2	activation	PIK3R1
HOMER3	activation	PIK3R1
HOMER2	activation	PIK3R1
HOMER1	activation	PIK3R1
AGAP2	activation	PIK3R1
S1PR2	activation	GNA13
S1PR3	activation	GNA13
S1PR4	activation	GNA13
S1PR5	activation	GNA13
GNAI1	activation	PIK3R1
GNAI2	activation	PIK3R1
GNAI3	activation	PIK3R1
GNA13	activation	RHOA
PPP2R5A	activation	AKT3
PPP2R5A	activation	AKT1
PPP2R5A	activation	AKT2
PPP2R5A	activation	BCL2
FYN	inhibition	GAB2
FYN	effect	GAB2
GAB2	inhibition	PIK3CA
GAB2	effect	PIK3CA
GAB2	inhibition	PIK3CB
GAB2	effect	PIK3CB
GAB2	inhibition	PIK3CD
GAB2	effect	PIK3CD
GAB2	inhibition	PIK3R1
GAB2	effect	PIK3R1
GAB2	inhibition	PIK3R2
GAB2	effect	PIK3R2
GAB2	inhibition	PIK3R3
GAB2	effect	PIK3R3
EGFR	activation	GAB2
INSR	activation	GAB2
KIT	activation	GRB2
KIT	activation	GAB1
KIT	activation	GAB2
KIT	activation	PTPN11
KIT	activation	PIK3CA
KIT	activation	PIK3CB
KIT	activation	PIK3CD
KIT	activation	PIK3R1
KIT	activation	PIK3R2
KIT	activation	PIK3R3
PDGFRA	activation	GRB2
PDGFRA	activation	GAB1
PDGFRA	activation	GAB2
PDGFRA	activation	PTPN11
PDGFRA	activation	PIK3CA
PDGFRA	activation	PIK3CB
PDGFRA	activation	PIK3CD
PDGFRA	activation	PIK3R1
PDGFRA	activation	PIK3R2
PDGFRA	activation	PIK3R3
PDGFRB	activation	GAB2
PDGFRB	activation	PIK3R1
GAB2	activation	SOS1
GAB2	activation	SOS2
GAB2	activation	PIK3CA
GAB2	activation	PIK3CB
GAB2	activation	PIK3CD
GAB2	activation	PIK3R1
GAB2	activation	PIK3R2
GAB2	activation	PIK3R3
LPAR6	inhibition	GNA13
LPAR6	effect	GNA13
LPAR1	activation	GNA13
F2R	activation	PLCB1
F2R	activation	PLCB2
F2R	activation	PLCB3
F2R	effect	PLCB3
F2R	activation	PLCB4
F2R	effect	PLCB4
F2R	activation	GNA12
F2R	effect	GNA12
F2R	activation	GNA13
F2R	effect	GNA13
F2R	effect	GNAS
LPAR3	activation	GNA13
LPAR4	activation	GNA13
GRM1	activation	GNA13
GRM1	effect	GNA13
GRM2	activation	GNA13
GRM3	activation	GNA13
GRM4	activation	GNA13
GRM5	activation	GNA13
GRM6	activation	GNA13
GRM7	activation	GNA13
GRM8	activation	PLCB1
GRM8	activation	PLCB2
GRM8	activation	PLCB3
GRM8	activation	PLCB4
GRM8	activation	GNA12
GRM8	activation	GNA13
GRM8	activation	GNAS
CXCR1	activation	GNA13
CXCR2	activation	GNA13
AVPR1A	activation	GNA13
AVPR1B	activation	GNA13
AVPR2	activation	GNA13
LPAR5	activation	GNA13
PTGFR	activation	GNA13
LPAR2	activation	GNA13
GNA13	activation	PIK3R6
GNA13	activation	PIK3R5
GNA13	activation	PIK3CG
PTK2B	activation	RHOA
GNA12	activation	PTK2B
CXCL8	activation	F2R
CXCL8	activation	GRM8
FYN	activation	GAB2
SYK	activation	GAB2
AVP	activation	F2R
AVP	activation	GRM8
F2	activation	F2R
F2	activation	GRM8
AGT	activation	F2R
AGT	activation	GRM8
CTSG	activation	F2R
GZMA	activation	F2R
PLG	activation	F2R
PRSS1	activation	F2R
PRSS2	activation	F2R
PRSS3	activation	F2R
POMC	activation	MC1R
POMC	activation	MC3R
POMC	activation	MC4R
POMC	activation	MC5R
POMC	activation	OPRD1
POMC	activation	OPRK1
POMC	activation	OPRL1
POMC	activation	OPRM1
ADM	activation	CALCR
IAPP	activation	CALCR
CALCA	activation	CALCR
CALCB	activation	CALCR
ADM2	activation	CALCR
WEE1	inhibition	CDK1
WEE1	effect	CDK1
MYC	inhibition	ZBTB17
SKP1	inhibition	CDK2
SKP1	effect	CDK2
SKP2	inhibition	CDK2
SKP2	effect	CDK2
SKP1	inhibition	CCNE1
SKP1	effect	CCNE1
SKP1	inhibition	CCNE2
SKP1	effect	CCNE2
SKP2	inhibition	CCNE1
SKP2	effect	CCNE1
SKP2	inhibition	CCNE2
SKP2	effect	CCNE2
SKP1	inhibition	CDKN1B
SKP1	effect	CDKN1B
SKP1	inhibition	CDKN1C
SKP1	effect	CDKN1C
SKP2	inhibition	CDKN1B
SKP2	effect	CDKN1B
SKP2	inhibition	CDKN1C
SKP2	effect	CDKN1C
SKP1	inhibition	CDKN1A
SKP1	effect	CDKN1A
SKP2	inhibition	CDKN1A
SKP2	effect	CDKN1A
SMAD4	inhibition	MYC
SMAD2	inhibition	MYC
SMAD3	inhibition	MYC
RBL1	inhibition	MYC
E2F4	inhibition	MYC
E2F5	inhibition	MYC
TFDP1	inhibition	MYC
TFDP2	inhibition	MYC
CDK1	activation	FBXO43
CDK1	effect	FBXO43
FBXO43	activation	CDC20
FBXW11	activation	FBXO43
BTRC	activation	FBXO43
CAMK2A	activation	FBXO43
CAMK2B	activation	FBXO43
CAMK2D	activation	FBXO43
CAMK2D	activation	CDC25C
CAMK2G	activation	FBXO43
PLK1	activation	FBXO43
CALML6	activation	CAMK2D
CALML6	effect	CAMK2D
CALML5	activation	CAMK2D
CALML5	effect	CAMK2D
CALM1	inhibition	CAMK2D
CALM1	effect	CAMK2D
CALM2	inhibition	CAMK2D
CALM2	effect	CAMK2D
CALM3	inhibition	CAMK2D
CALM3	effect	CAMK2D
CALML3	inhibition	CAMK2D
CALML3	effect	CAMK2D
CALML4	inhibition	CAMK2D
CALML4	effect	CAMK2D
SGO1	activation	PPP2R5A
SGO1	effect	PPP2R5A
PPP2R5A	activation	REC8
PPP2R5A	effect	REC8
PPP2CA	activation	FBXO43
PPP2CA	effect	FBXO43
PPP2CB	activation	FBXO43
PPP2CB	effect	FBXO43
PPP2R1A	inhibition	FBXO43
PPP2R1A	effect	FBXO43
PPP2R1B	inhibition	FBXO43
PPP2R1B	effect	FBXO43
IGFBP3	inhibition	IGF1
SEC22B	activation	BNIP1
PRKN	activation	RHOT1
PRKN	effect	RHOT1
RPS27A	activation	PRKN
IRS2	effect	PIK3R1
STX17	activation	VAMP8
DAPK1	activation	BECN2
DAPK1	activation	BECN1
CFLAR	inhibition	ATG3
SNAP29	activation	VAMP8
RNF41	effect	PDGFRA
WWP1	effect	PDGFRA
NEDD4L	effect	PDGFRA
CBLC	effect	PDGFRA
MDM2	effect	PDGFRA
NEDD4	effect	PDGFRA
SMURF1	effect	PDGFRA
SMURF2	effect	PDGFRA
TRAF6	effect	PDGFRA
ITCH	effect	PDGFRA
CBL	effect	PDGFRA
CBLB	effect	PDGFRA
SRC	effect	CAV1
ARRB1	effect	CXCR4
ARRB2	effect	CXCR4
SLC7A5	activation	SLC3A2
SKP2	activation	RRAGB
SKP2	effect	RRAGB
SKP2	activation	RRAGA
SKP2	effect	RRAGA
ATP6V1B1	inhibition	LAMTOR5
ATP6V1B1	inhibition	LAMTOR2
ATP6V1B1	inhibition	LAMTOR4
ATP6V1B1	inhibition	LAMTOR1
ATP6V1B1	inhibition	LAMTOR3
FNIP2	activation	FLCN
FNIP2	activation	RRAGB
FNIP2	activation	RRAGA
FNIP2	activation	RRAGD
FNIP2	activation	RRAGC
WNT3	activation	FZD10
WNT3	activation	FZD2
WNT3	activation	FZD5
WNT3	activation	FZD3
WNT3	activation	FZD1
WNT3	activation	FZD4
WNT3	activation	FZD6
WNT3	activation	FZD7
WNT3	activation	FZD8
WNT3	activation	FZD9
WNT3	activation	LRP6
WNT3	activation	LRP5
WNT7A	activation	FZD10
WNT7A	activation	FZD2
WNT7A	activation	FZD5
WNT7A	activation	FZD3
WNT7A	activation	FZD1
WNT7A	activation	FZD4
WNT7A	activation	FZD6
WNT7A	activation	FZD7
WNT7A	activation	FZD8
WNT7A	activation	FZD9
WNT7A	activation	LRP6
WNT7A	activation	LRP5
AKT3	activation	CREB1
AKT1	activation	CREB1
AKT2	activation	CREB1
KIT	activation	IRS1
PDGFRA	activation	IRS1
F2R	activation	PIK3R6
F2R	activation	PIK3R5
F2R	activation	PIK3CG
GSK3B	activation	MYC
VEGFA	effect	KIT
FGF23	effect	KIT
FGF23	effect	PDGFRA
FGF18	effect	KIT
FGF18	effect	PDGFRA
FGF17	effect	KIT
FGF17	effect	PDGFRA
FGF16	inhibition	KIT
FGF16	effect	KIT
FGF16	inhibition	PDGFRA
HRAS	inhibition	PIK3R1
KRAS	inhibition	PIK3R1
NRAS	inhibition	PIK3R1
PPP2R5A	inhibition	AKT3
PPP2R5A	effect	AKT3
PPP2R5A	inhibition	AKT1
PPP2R5A	effect	AKT1
PPP2R5A	inhibition	AKT2
PPP2R5A	effect	AKT2
CD19	activation	PIK3R1
GNG12	activation	PIK3R6
GNG12	activation	PIK3R5
GNG12	activation	PIK3CG
LAMC3	activation	ITGA2B
LAMC3	activation	ITGA4
CHAD	activation	ITGA2B
CHAD	activation	ITGA4
COL1A1	activation	ITGA2B
COL1A1	activation	ITGA4
COL1A2	activation	ITGA2B
COL1A2	activation	ITGA4
COL2A1	activation	ITGA11
COL2A1	activation	ITGA6
COL2A1	activation	ITGA1
COL2A1	activation	ITGA2
COL2A1	activation	ITGA2B
COL2A1	activation	ITGA3
COL2A1	activation	ITGA4
COL2A1	activation	ITGA5
COL2A1	activation	ITGA7
COL2A1	activation	ITGA9
COL2A1	activation	ITGAV
COL2A1	activation	ITGA10
COL2A1	activation	ITGA8
COL2A1	activation	ITGB1
COL2A1	activation	ITGB3
COL2A1	activation	ITGB4
COL2A1	activation	ITGB5
COL2A1	activation	ITGB6
COL2A1	activation	ITGB7
COL2A1	activation	ITGB8
COL2A1	activation	PTK2
COL4A1	activation	ITGA11
COL4A1	activation	ITGA6
COL4A1	activation	ITGA1
COL4A1	activation	ITGA2
COL4A1	activation	ITGA2B
COL4A1	activation	ITGA3
COL4A1	activation	ITGA4
COL4A1	activation	ITGA5
COL4A1	activation	ITGA7
COL4A1	activation	ITGA9
COL4A1	activation	ITGAV
COL4A1	activation	ITGA10
COL4A1	activation	ITGA8
COL4A1	activation	ITGB1
COL4A1	activation	ITGB3
COL4A1	activation	ITGB4
COL4A1	activation	ITGB5
COL4A1	activation	ITGB6
COL4A1	activation	ITGB7
COL4A1	activation	ITGB8
COL4A1	activation	PTK2
COL4A2	activation	ITGA11
COL4A2	activation	ITGA6
COL4A2	activation	ITGA1
COL4A2	activation	ITGA2
COL4A2	activation	ITGA2B
COL4A2	activation	ITGA3
COL4A2	activation	ITGA4
COL4A2	activation	ITGA5
COL4A2	activation	ITGA7
COL4A2	activation	ITGA9
COL4A2	activation	ITGAV
COL4A2	activation	ITGA10
COL4A2	activation	ITGA8
COL4A2	activation	ITGB1
COL4A2	activation	ITGB3
COL4A2	activation	ITGB4
COL4A2	activation	ITGB5
COL4A2	activation	ITGB6
COL4A2	activation	ITGB7
COL4A2	activation	ITGB8
COL4A2	activation	PTK2
COL4A3	activation	ITGA2B
COL4A3	activation	ITGA4
COL4A4	activation	ITGA2B
COL4A4	activation	ITGA4
COL4A5	activation	ITGA2B
COL4A5	activation	ITGA4
COL4A6	activation	ITGA2B
COL4A6	activation	ITGA4
COL6A1	activation	ITGA2B
COL6A1	activation	ITGA4
COL6A2	activation	ITGA2B
COL6A2	activation	ITGA4
COL6A3	activation	ITGA2B
COL6A3	activation	ITGA4
COL9A1	activation	ITGA2B
COL9A1	activation	ITGA4
COL9A2	activation	ITGA2B
COL9A2	activation	ITGA4
COL9A3	activation	ITGA2B
COL9A3	activation	ITGA4
COMP	activation	ITGA2B
COMP	activation	ITGA4
COL6A6	activation	ITGA2B
COL6A6	activation	ITGA4
LAMB4	activation	ITGA2B
LAMB4	activation	ITGA4
FN1	activation	ITGA11
FN1	activation	ITGA6
FN1	activation	ITGA1
FN1	activation	ITGA2
FN1	activation	ITGA2B
FN1	activation	ITGA3
FN1	activation	ITGA4
FN1	activation	ITGA5
FN1	activation	ITGA7
FN1	activation	ITGA9
FN1	activation	ITGAV
FN1	activation	ITGA10
FN1	activation	ITGA8
FN1	activation	ITGB1
FN1	activation	ITGB3
FN1	activation	ITGB4
FN1	activation	ITGB5
FN1	activation	ITGB6
FN1	activation	ITGB7
FN1	activation	ITGB8
FN1	activation	PTK2
COL6A5	activation	ITGA2B
COL6A5	activation	ITGA4
LAMA1	activation	ITGA11
LAMA1	activation	ITGA6
LAMA1	activation	ITGA1
LAMA1	activation	ITGA2
LAMA1	activation	ITGA2B
LAMA1	activation	ITGA3
LAMA1	activation	ITGA4
LAMA1	activation	ITGA5
LAMA1	activation	ITGA7
LAMA1	activation	ITGA9
LAMA1	activation	ITGAV
LAMA1	activation	ITGA10
LAMA1	activation	ITGA8
LAMA1	activation	ITGB1
LAMA1	activation	ITGB3
LAMA1	activation	ITGB4
LAMA1	activation	ITGB5
LAMA1	activation	ITGB6
LAMA1	activation	ITGB7
LAMA1	activation	ITGB8
LAMA1	activation	PTK2
TNC	activation	ITGA2B
TNC	activation	ITGA4
IBSP	activation	ITGA2B
IBSP	activation	ITGA4
LAMA2	activation	ITGA2B
LAMA2	activation	ITGA4
LAMA3	activation	ITGA2B
LAMA3	activation	ITGA4
LAMA4	activation	ITGA2B
LAMA4	activation	ITGA4
LAMA5	activation	ITGA2B
LAMA5	activation	ITGA4
LAMB1	activation	ITGA11
LAMB1	activation	ITGA6
LAMB1	activation	ITGA1
LAMB1	activation	ITGA2
LAMB1	activation	ITGA2B
LAMB1	activation	ITGA3
LAMB1	activation	ITGA4
LAMB1	activation	ITGA5
LAMB1	activation	ITGA7
LAMB1	activation	ITGA9
LAMB1	activation	ITGAV
LAMB1	activation	ITGA10
LAMB1	activation	ITGA8
LAMB1	activation	ITGB1
LAMB1	activation	ITGB3
LAMB1	activation	ITGB4
LAMB1	activation	ITGB5
LAMB1	activation	ITGB6
LAMB1	activation	ITGB7
LAMB1	activation	ITGB8
LAMB1	activation	PTK2
LAMB2	activation	ITGA2B
LAMB2	activation	ITGA4
LAMB3	activation	ITGA2B
LAMB3	activation	ITGA4
LAMC1	activation	ITGA2B
LAMC1	activation	ITGA4
LAMC2	activation	ITGA2B
LAMC2	activation	ITGA4
RELN	activation	ITGA2B
RELN	activation	ITGA4
TNN	activation	ITGA2B
TNN	activation	ITGA4
SPP1	activation	ITGA2B
SPP1	activation	ITGA4
THBS1	activation	ITGA2B
THBS1	activation	ITGA4
THBS2	activation	ITGA2B
THBS2	activation	ITGA4
THBS3	activation	ITGA2B
THBS3	activation	ITGA4
THBS4	activation	ITGA2B
THBS4	activation	ITGA4
TNR	activation	ITGA2B
TNR	activation	ITGA4
TNXB	activation	ITGA2B
TNXB	activation	ITGA4
VTN	activation	ITGA2B
VTN	activation	ITGA4
VWF	activation	ITGA11
VWF	activation	ITGA6
VWF	activation	ITGA1
VWF	activation	ITGA2
VWF	activation	ITGA2B
VWF	activation	ITGA3
VWF	activation	ITGA4
VWF	activation	ITGA5
VWF	activation	ITGA7
VWF	activation	ITGA9
VWF	activation	ITGAV
VWF	activation	ITGA10
VWF	activation	ITGA8
VWF	activation	ITGB1
VWF	activation	ITGB3
VWF	activation	ITGB4
VWF	activation	ITGB5
VWF	activation	ITGB6
VWF	activation	ITGB7
VWF	activation	ITGB8
VWF	activation	PTK2
RAC1	activation	PIK3R1
JAK1	activation	PIK3R1
JAK2	activation	PIK3R1
JAK3	activation	PIK3R1
CREB1	activation	BCL2
CREB1	activation	MCL1
PIK3AP1	inhibition	PIK3R1
PRKAG2	activation	HMGCR
PRKAG3	activation	HMGCR
PRKAA1	inhibition	HMGCR
PRKAA2	activation	HMGCR
PRKAA2	effect	HMGCR
PRKAB1	activation	HMGCR
PRKAB1	effect	HMGCR
PRKAB2	activation	HMGCR
PRKAB2	effect	HMGCR
PRKAG1	inhibition	HMGCR
PRKAG1	effect	HMGCR
IRS1	inhibition	PIK3R1
IRS1	effect	PIK3R1
IRS4	inhibition	PIK3R1
IRS4	effect	PIK3R1
IRS2	inhibition	PIK3R1
HNF4A	activation	G6PC1
HNF4A	activation	G6PC2
HNF4A	activation	G6PC3
HNF4A	activation	PCK1
HNF4A	activation	PCK2
SREBF1	activation	FASN
CREB1	activation	CRTC2
CREB1	effect	CRTC2
NFKB1	inhibition	CFLAR
RELA	activation	CFLAR
RELA	effect	CFLAR
CASP8	activation	CASP6
CASP8	activation	CASP7
CFLAR	activation	CASP8
CFLAR	activation	CASP10
TRADD	activation	CASP8
CSF2RB	activation	PIK3R1
CSF2RB	effect	PIK3R1
IL3RA	activation	PIK3R1
NTRK1	activation	PIK3R1
DIABLO	activation	BIRC2
DIABLO	effect	BIRC2
DIABLO	activation	BIRC3
DIABLO	activation	XIAP
DIABLO	activation	BIRC5
GZMB	activation	CASP8
RPS6KB1	activation	FOXA2
RPS6KB2	activation	FOXA2
HRAS	effect	PIK3R1
FOXA2	inhibition	SOD2
FOXA2	inhibition	CAT
HDAC2	activation	SIRT1
DIABLO	inhibition	BIRC2
DIABLO	inhibition	BIRC3
DIABLO	inhibition	XIAP
DIABLO	inhibition	BIRC5
CASP8	inhibition	CASP7
TFRC	inhibition	TF
TF	activation	TFRC
NCOA4	activation	FTL
CASP8	activation	CYLD
CASP8	activation	RIPK1
CASP8	activation	RIPK3
FADD	activation	CASP8
MAPK8	inhibition	FTL
MAPK9	inhibition	FTL
CAMK2D	inhibition	SLC25A5
CAMK2D	effect	SLC25A5
CAMK2D	inhibition	SLC25A6
CAMK2D	effect	SLC25A6
CAMK2D	inhibition	SLC25A31
CAMK2D	effect	SLC25A31
CAMK2D	inhibition	VDAC1
CAMK2D	effect	VDAC1
CAMK2D	inhibition	VDAC2
CAMK2D	effect	VDAC2
CAMK2D	inhibition	VDAC3
CAMK2D	effect	VDAC3
CAMK2D	activation	PPID
CYBB	activation	CAMK2D
MYC	activation	CDKN2A
PIK3R1	activation	FOXO1
PIK3R1	activation	FOXO3
TRAF3IP2	activation	NFKB1
TRAF3IP2	activation	RELA
GATA4	activation	TRAF3IP2
GATA4	inhibition	IL1A
SQSTM1	activation	GATA4
ACTC1	activation	MYH6
ACTC1	effect	MYH6
ACTC1	activation	MYH7
ACTC1	effect	MYH7
ACTC1	activation	MYL2
ACTC1	effect	MYL2
ACTC1	activation	MYL4
ACTC1	effect	MYL4
PRKACA	activation	ATP1B3
PRKACA	effect	ATP1B3
PRKACA	effect	TNNI3
PRKACA	effect	CREB1
PRKACB	activation	ATP1B3
PRKACB	effect	ATP1B3
PRKACB	effect	TNNI3
PRKACB	effect	CREB1
PRKACG	activation	ATP1B3
PRKACG	effect	ATP1B3
PRKACG	effect	TNNI3
PRKACG	effect	CREB1
PPP2R3B	activation	TNNI3
PPP2R3C	activation	TNNI3
PPP2CA	activation	TNNI3
PPP2CB	activation	TNNI3
PPP2R1A	inhibition	TNNI3
PPP2R1A	effect	TNNI3
PPP2R1B	inhibition	TNNI3
PPP2R1B	effect	TNNI3
PPP2R2A	inhibition	TNNI3
PPP2R2A	effect	TNNI3
PPP2R2B	inhibition	TNNI3
PPP2R2B	effect	TNNI3
PPP2R2C	inhibition	TNNI3
PPP2R2C	effect	TNNI3
PPP2R3A	inhibition	TNNI3
PPP2R3A	effect	TNNI3
PPP2R5A	inhibition	CACNG3
PPP2R5A	effect	CACNG3
PPP2R5A	inhibition	CACNG2
PPP2R5A	effect	CACNG2
PPP2R5A	inhibition	CACNG5
PPP2R5A	effect	CACNG5
PPP2R5A	inhibition	CACNG4
PPP2R5A	effect	CACNG4
PPP2R5A	inhibition	CACNA2D3
PPP2R5A	effect	CACNA2D3
PPP2R5A	inhibition	CACNG8
PPP2R5A	effect	CACNG8
PPP2R5A	inhibition	CACNG7
PPP2R5A	effect	CACNG7
PPP2R5A	inhibition	CACNG6
PPP2R5A	effect	CACNG6
PPP2R5A	inhibition	CACNA1C
PPP2R5A	effect	CACNA1C
PPP2R5A	inhibition	CACNA1D
PPP2R5A	effect	CACNA1D
PPP2R5A	inhibition	CACNA1F
PPP2R5A	effect	CACNA1F
PPP2R5A	inhibition	CACNA1S
PPP2R5A	effect	CACNA1S
PPP2R5A	inhibition	CACNA2D1
PPP2R5A	effect	CACNA2D1
PPP2R5A	inhibition	CACNB1
PPP2R5A	effect	CACNB1
PPP2R5A	inhibition	CACNB2
PPP2R5A	effect	CACNB2
PPP2R5A	inhibition	CACNB3
PPP2R5A	effect	CACNB3
PPP2R5A	inhibition	CACNB4
PPP2R5A	effect	CACNB4
PPP2R5A	inhibition	CACNG1
PPP2R5A	effect	CACNG1
PPP2R5A	inhibition	CACNA2D2
PPP2R5A	effect	CACNA2D2
PPP2R5A	inhibition	CACNA2D4
PPP2R5A	effect	CACNA2D4
PPP2R5A	inhibition	RYR2
PPP2R5A	effect	RYR2
PPP2R5A	inhibition	PPP1R1A
PPP2R5A	effect	PPP1R1A
PPP2R5A	inhibition	TNNI3
PPP2R5A	effect	TNNI3
PPP2R5B	inhibition	TNNI3
PPP2R5B	effect	TNNI3
PPP2R5C	inhibition	TNNI3
PPP2R5C	effect	TNNI3
PPP2R5D	inhibition	TNNI3
PPP2R5D	effect	TNNI3
PPP2R5E	inhibition	TNNI3
PPP2R5E	effect	TNNI3
PPP2R2D	inhibition	TNNI3
PPP2R2D	effect	TNNI3
CALML6	inhibition	CAMK2D
CALML5	inhibition	CAMK2D
CAMK2D	inhibition	SCN1B
CAMK2D	effect	SCN1B
CAMK2D	inhibition	SCN4B
CAMK2D	effect	SCN4B
CAMK2D	inhibition	SCN5A
CAMK2D	effect	SCN5A
CAMK2D	inhibition	SCN7A
CAMK2D	effect	SCN7A
CAMK2D	inhibition	CACNG3
CAMK2D	effect	CACNG3
CAMK2D	inhibition	CACNG2
CAMK2D	effect	CACNG2
CAMK2D	inhibition	CACNG5
CAMK2D	effect	CACNG5
CAMK2D	inhibition	CACNG4
CAMK2D	effect	CACNG4
CAMK2D	inhibition	CACNA2D3
CAMK2D	effect	CACNA2D3
CAMK2D	inhibition	CACNG8
CAMK2D	effect	CACNG8
CAMK2D	inhibition	CACNG7
CAMK2D	effect	CACNG7
CAMK2D	inhibition	CACNG6
CAMK2D	effect	CACNG6
CAMK2D	inhibition	CACNA1C
CAMK2D	effect	CACNA1C
CAMK2D	inhibition	CACNA1D
CAMK2D	effect	CACNA1D
CAMK2D	inhibition	CACNA1F
CAMK2D	effect	CACNA1F
CAMK2D	inhibition	CACNA1S
CAMK2D	effect	CACNA1S
CAMK2D	inhibition	CACNA2D1
CAMK2D	effect	CACNA2D1
CAMK2D	inhibition	CACNB1
CAMK2D	effect	CACNB1
CAMK2D	inhibition	CACNB2
CAMK2D	effect	CACNB2
CAMK2D	inhibition	CACNB3
CAMK2D	effect	CACNB3
CAMK2D	inhibition	CACNB4
CAMK2D	effect	CACNB4
CAMK2D	inhibition	CACNG1
CAMK2D	effect	CACNG1
CAMK2D	inhibition	CACNA2D2
CAMK2D	effect	CACNA2D2
CAMK2D	inhibition	CACNA2D4
CAMK2D	effect	CACNA2D4
CAMK2D	inhibition	RYR2
CAMK2D	effect	RYR2
CREM	activation	CREB1
CREM	effect	CREB1
RPS6KA5	inhibition	CREB1
RPS6KA5	effect	CREB1
GNA11	activation	PLA2G4F
GNAQ	activation	PLA2G4F
GNA13	activation	AVPR1A
GNA13	activation	AVPR1B
GNA13	activation	ARHGEF12
GNA13	activation	ARHGEF1
GNA13	activation	ARHGEF11
PORCN	activation	WNT3
PORCN	activation	WNT7A
SMAD4	activation	TCF7L1
NLK	inhibition	TCF7L1
NLK	effect	TCF7L1
FRZB	inhibition	WNT16
SFRP2	inhibition	WNT16
FRZB	inhibition	WNT4
SFRP2	inhibition	WNT4
FRZB	inhibition	WNT1
SFRP2	inhibition	WNT1
FRZB	inhibition	WNT2
SFRP2	inhibition	WNT2
FRZB	inhibition	WNT3
SFRP1	inhibition	WNT3
SFRP2	inhibition	WNT3
SFRP4	inhibition	WNT3
SFRP5	inhibition	WNT3
FRZB	inhibition	WNT5A
SFRP2	inhibition	WNT5A
FRZB	inhibition	WNT6
SFRP2	inhibition	WNT6
FRZB	inhibition	WNT7A
SFRP1	inhibition	WNT7A
SFRP2	inhibition	WNT7A
SFRP4	inhibition	WNT7A
SFRP5	inhibition	WNT7A
FRZB	inhibition	WNT7B
SFRP2	inhibition	WNT7B
FRZB	inhibition	WNT8A
SFRP2	inhibition	WNT8A
FRZB	inhibition	WNT8B
SFRP2	inhibition	WNT8B
FRZB	inhibition	WNT10B
SFRP2	inhibition	WNT10B
FRZB	inhibition	WNT11
SFRP2	inhibition	WNT11
FRZB	inhibition	WNT2B
SFRP2	inhibition	WNT2B
FRZB	inhibition	WNT9A
SFRP2	inhibition	WNT9A
FRZB	inhibition	WNT9B
SFRP2	inhibition	WNT9B
FRZB	inhibition	WNT10A
SFRP2	inhibition	WNT10A
FRZB	inhibition	WNT5B
SFRP2	inhibition	WNT5B
FRZB	inhibition	WNT3A
SFRP2	inhibition	WNT3A
FRZB	inhibition	FZD10
SFRP2	inhibition	FZD10
FRZB	inhibition	FZD2
SFRP2	inhibition	FZD2
FRZB	inhibition	FZD5
SFRP2	inhibition	FZD5
FRZB	inhibition	FZD3
SFRP2	inhibition	FZD3
FRZB	inhibition	FZD1
SFRP2	inhibition	FZD1
FRZB	inhibition	FZD4
SFRP2	inhibition	FZD4
FRZB	inhibition	FZD6
SFRP2	inhibition	FZD6
FRZB	inhibition	FZD7
SFRP2	inhibition	FZD7
FRZB	inhibition	FZD8
SFRP2	inhibition	FZD8
FRZB	inhibition	FZD9
SFRP2	inhibition	FZD9
CER1	inhibition	WNT16
CER1	inhibition	WNT4
CER1	inhibition	WNT1
CER1	inhibition	WNT2
CER1	inhibition	WNT3
CER1	inhibition	WNT5A
CER1	inhibition	WNT6
CER1	inhibition	WNT7A
CER1	inhibition	WNT7B
CER1	inhibition	WNT8A
CER1	inhibition	WNT8B
CER1	inhibition	WNT10B
CER1	inhibition	WNT11
CER1	inhibition	WNT2B
CER1	inhibition	WNT9A
CER1	inhibition	WNT9B
CER1	inhibition	WNT10A
CER1	inhibition	WNT5B
CER1	inhibition	WNT3A
WIF1	inhibition	WNT3
WIF1	inhibition	WNT7A
SOX17	inhibition	LEF1
SOX17	inhibition	TCF7
SOX17	inhibition	TCF7L2
SOX17	inhibition	TCF7L1
TLE7	inhibition	TCF7L1
TLE1	inhibition	TCF7L1
TLE2	inhibition	TCF7L1
TLE3	inhibition	TCF7L1
TLE4	inhibition	TCF7L1
TLE6	inhibition	TCF7L1
CTBP1	inhibition	TCF7L1
CTBP2	inhibition	TCF7L1
CTNNB1	activation	TCF7L1
LEF1	activation	MYC
TCF7	activation	MYC
TCF7L2	activation	MYC
TCF7L1	activation	MYC
TCF7L1	activation	JUN
TCF7L1	activation	FOSL1
TCF7L1	activation	CCND1
TCF7L1	activation	CCND2
TCF7L1	activation	CCND3
TCF7L1	activation	PPARD
TCF7L1	activation	MMP7
NOTUM	inhibition	WNT3
NOTUM	inhibition	WNT7A
RSPO3	inhibition	RNF43
RSPO3	inhibition	ZNRF3
CTNND2	inhibition	TCF7L1
APCDD1	inhibition	WNT3
APCDD1L	inhibition	WNT3
APCDD1	inhibition	WNT7A
APCDD1L	inhibition	WNT7A
HDAC2	activation	RBPJL
HDAC2	activation	RBPJ
RBPJL	activation	HEY2
RBPJ	activation	HEY2
RBPJ	inhibition	HEY2
IHH	activation	LRP2
DHH	activation	LRP2
SHH	activation	LRP2
SMAD4	activation	ID2
SMAD4	activation	PITX2
ACVR1B	activation	SMAD2
ACVR1B	activation	SMAD3
SMAD2	activation	PITX2
SMAD3	activation	PITX2
NODAL	activation	ACVR2A
NODAL	activation	ACVR2B
SMAD6	inhibition	SMAD9
SMAD7	inhibition	SMAD9
MYC	inhibition	CDKN2B
ACVR1	inhibition	SMAD9
INHBA	inhibition	NODAL
INHBB	inhibition	NODAL
INHBC	inhibition	NODAL
INHBE	inhibition	NODAL
FST	inhibition	INHBA
FST	inhibition	INHBB
FST	inhibition	INHBC
FST	inhibition	INHBE
LEFTY1	inhibition	TGFB1
LEFTY1	inhibition	TGFB2
LEFTY1	inhibition	TGFB3
LEFTY1	inhibition	NODAL
LEFTY2	inhibition	TGFB1
LEFTY2	inhibition	TGFB2
LEFTY2	inhibition	TGFB3
LEFTY2	inhibition	NODAL
SKP1	activation	SMAD2
SKP1	activation	SMAD3
MAPK1	inhibition	SMAD9
MAPK3	inhibition	SMAD9
BMPR1A	activation	SMAD9
BMPR1B	activation	SMAD9
BMP6	inhibition	AMHR2
BMP6	inhibition	BMPR2
BMP6	inhibition	BMPR1A
BMP6	inhibition	BMPR1B
BMP6	inhibition	ACVR1
NOG	inhibition	GDF7
NOG	inhibition	AMH
NOG	inhibition	BMP8A
NOG	inhibition	GDF6
NOG	inhibition	BMP2
NOG	inhibition	BMP4
NOG	inhibition	BMP5
NOG	inhibition	BMP6
NOG	inhibition	BMP7
NOG	inhibition	BMP8B
NOG	inhibition	GDF5
MICOS10-NBL1	inhibition	BMP2
MICOS10-NBL1	inhibition	BMP6
NBL1	inhibition	BMP2
NBL1	activation	BMP6
NBL1	effect	BMP6
SMAD1	activation	ID2
SMAD1	effect	ID2
SMAD5	activation	ID2
SMAD5	effect	ID2
SMAD9	inhibition	SMAD4
SMAD9	inhibition	HAMP
SMAD9	activation	ID2
SMAD9	activation	ID3
SMAD9	activation	ID4
CHRD	activation	BMP6
BAMBI	inhibition	ACVR1B
GREM1	activation	BMP2
GREM1	activation	BMP6
GREM2	activation	BMP2
GREM2	activation	BMP6
IGSF1	activation	ACVR1
IGSF1	activation	ACVR1B
HDAC2	inhibition	SMAD4
SIN3A	inhibition	SMAD4
TFRC	activation	TFR2
TFRC	activation	HFE
EFNA1	activation	RASA1
EFNA1	activation	FYN
SLIT1	activation	ROBO1
SLIT2	activation	ROBO1
ROBO1	activation	SRGAP2
ROBO1	activation	SRGAP1
ROBO1	activation	SRGAP3
NGEF	activation	RHOA
EPHA2	activation	NGEF
EPHA1	activation	NGEF
EPHA3	activation	NGEF
EPHA4	activation	NGEF
EPHA5	activation	NGEF
EPHA7	activation	NGEF
EPHA8	activation	NGEF
EPHA6	activation	NGEF
EPHB1	activation	NGEF
EPHB2	activation	NGEF
EPHB3	activation	NGEF
EPHB4	activation	NGEF
EPHB6	activation	NGEF
EFNA1	activation	EPHA1
EFNA1	activation	EPHA3
EFNA1	activation	EPHA4
EFNA1	activation	EPHA5
EFNA1	activation	EPHA7
EFNA1	activation	EPHA8
EFNA1	activation	EPHA6
PTK2	activation	UNC5B
PTK2	effect	UNC5B
SRC	activation	UNC5B
SRC	effect	UNC5B
ABL1	activation	ROBO1
ABL1	effect	ROBO1
NGEF	inhibition	RAC1
NGEF	inhibition	RAC2
NGEF	inhibition	RAC3
NGEF	inhibition	CDC42
ROBO3	inhibition	ROBO1
FZD3	activation	PIK3R1
PIK3R1	activation	PDPK1
NTN1	activation	UNC5B
ROBO1	activation	NCK2
ROBO1	activation	PAK4
ROBO1	activation	BUB1B-PAK6
ROBO1	activation	PAK1
ROBO1	activation	PAK2
ROBO1	activation	PAK3
ROBO1	activation	PAK6
ROBO1	activation	PAK5
PLCG1	activation	PLA2G4F
PLCG2	activation	PLA2G4F
KDR	activation	PIK3R1
GNG12	activation	PRKCE
GNG12	activation	PRKAG2
GNG12	activation	PRKAG3
GNG12	activation	PRKAA1
GNG12	activation	PRKAA2
GNG12	activation	PRKAB1
GNG12	activation	PRKAB2
GNG12	activation	PRKAG1
GNG12	activation	RRAS2
GNG12	activation	MRAS
GNG12	activation	HRAS
GNG12	activation	KRAS
GNG12	activation	NRAS
GNG12	activation	RRAS
MYLK4	activation	MYL2
MYLK4	effect	MYL2
MYLK	activation	MYL2
MYLK	effect	MYL2
MYLK2	activation	MYL2
MYLK2	effect	MYL2
MYLK3	activation	MYL2
MYLK3	effect	MYL2
MYLK4	activation	MYL4
MYLK4	effect	MYL4
MYLK	activation	MYL4
MYLK	effect	MYL4
MYLK2	activation	MYL4
MYLK2	effect	MYL4
MYLK3	activation	MYL4
MYLK3	effect	MYL4
GNG12	inhibition	ADCY1
GNG12	inhibition	ADCY2
GNG12	inhibition	ADCY3
GNG12	inhibition	ADCY5
GNG12	inhibition	ADCY6
GNG12	inhibition	ADCY7
GNG12	inhibition	ADCY8
GNG12	inhibition	ADCY9
GNG12	inhibition	ADCY4
GNG12	inhibition	ADCY10
GNA13	activation	CAMK4
GNG12	activation	CAMK4
SMAD4	activation	ACTA2
SMAD2	activation	ACTA2
SMAD3	activation	ACTA2
SMAD4	inhibition	CDH1
SMAD2	inhibition	CDH1
SMAD3	inhibition	CDH1
CSF1R	activation	PIK3R1
TRAF2	activation	GAB2
TRAF6	activation	GAB2
TNFRSF11A	activation	FCGR1A
GAB2	activation	PLCG2
MAP3K7	activation	MAP2K6
PIK3R1	effect	AKT3
PIK3R1	effect	AKT1
FOS	activation	CALCR
FOS	effect	CALCR
FOSB	activation	CALCR
FOSB	effect	CALCR
FOSL2	activation	CALCR
FOSL2	effect	CALCR
JUN	activation	CALCR
JUN	effect	CALCR
JUNB	activation	CALCR
JUNB	effect	CALCR
JUND	activation	CALCR
FOSL1	activation	CALCR
FCGR1A	activation	SYK
CAMK4	activation	CREB1
CREB1	activation	CTSK
CREB1	activation	ACP5
CREB1	activation	CALCR
CREB1	activation	ITGB3
FHL2	activation	TRAF2
FHL2	activation	TRAF6
YAP1	inhibition	ID2
YAP1	inhibition	MYC
YAP1	effect	MYC
YAP1	inhibition	SOX2
YAP1	effect	SOX2
CDH1	activation	CDH1
TEAD1	activation	CCN2
TEAD1	activation	GLI2
TEAD1	activation	AXIN1
TEAD1	activation	AXIN2
TEAD1	activation	NKD1
TEAD1	activation	NKD2
TEAD1	activation	MYC
TEAD1	activation	CCND1
TEAD1	activation	CCND2
TEAD1	activation	CCND3
TEAD1	activation	SOX2
TEAD1	activation	SNAI2
TEAD1	activation	BIRC2
TEAD1	activation	BIRC3
TEAD1	activation	BIRC5
TEAD4	activation	MYC
TEAD4	activation	SOX2
TEAD3	activation	MYC
TEAD3	activation	SOX2
TEAD2	activation	MYC
TEAD2	activation	SOX2
WNT3	effect	FZD8
WNT3	effect	FZD9
WNT7A	effect	FZD10
WNT7A	effect	FZD2
WNT7A	effect	FZD5
WNT7A	effect	FZD3
WNT7A	effect	FZD1
WNT7A	effect	FZD4
LEF1	activation	SOX2
TCF7	activation	SOX2
TCF7L2	activation	SOX2
TCF7L1	activation	AXIN1
TCF7L1	activation	AXIN2
TCF7L1	activation	NKD1
TCF7L1	activation	NKD2
TCF7L1	activation	SOX2
TCF7L1	activation	SNAI2
TCF7L1	activation	BIRC2
TCF7L1	activation	BIRC3
TCF7L1	activation	BIRC5
STK3	activation	MOB1A
STK3	effect	MOB1A
PAK1	activation	TEAD1
DCHS2	activation	FRMD6
DCHS1	activation	FRMD6
FAT4	activation	FRMD6
TPTEP2-CSNK1E	activation	FRMD6
CSNK1E	activation	FRMD6
MYLK4	activation	MYL7
MYLK	activation	MYL7
MYLK2	activation	MYL7
MYLK3	activation	MYL7
MYL2	activation	ACTB
MYL2	activation	ACTG1
MYL7	activation	ACTB
MYL7	activation	ACTG1
PPP1R12A	activation	MYL2
PPP1R12A	activation	MYL7
PPP1R12B	activation	MYL2
PPP1R12B	activation	MYL7
PPP1R12C	activation	MYL2
PPP1R12C	activation	MYL7
PPP1CA	activation	MYL2
PPP1CA	activation	MYL7
PPP1CB	activation	MYL2
PPP1CB	activation	MYL7
PPP1CC	activation	MYL2
PPP1CC	activation	MYL7
ROCK1	activation	MYL2
ROCK1	activation	MYL7
ROCK2	activation	MYL2
ROCK2	activation	MYL7
PARVA	activation	ITGA2B
PARVA	activation	ITGA4
PARVG	activation	ITGA2B
PARVG	activation	ITGA4
VCL	activation	ACTN1
VASP	effect	ITGA2B
VASP	effect	ITGA4
PIK3R1	effect	ILK
PIK3R1	effect	PDPK1
PIK3R1	effect	VAV3
PIK3R1	effect	VAV1
PIK3R1	effect	VAV2
TLN1	inhibition	ITGA2B
TLN1	effect	ITGA2B
TLN1	inhibition	ITGA4
TLN1	effect	ITGA4
TLN2	inhibition	ITGA2B
TLN2	effect	ITGA2B
TLN2	inhibition	ITGA4
TLN2	effect	ITGA4
ZYX	inhibition	ACTN1
ZYX	effect	ACTN1
PIP5K1B	inhibition	VCL
PIP5K1B	effect	VCL
PIP5K1B	inhibition	ACTB
PIP5K1B	effect	ACTB
PIP5K1B	inhibition	ACTG1
PIP5K1B	effect	ACTG1
ACTN4	inhibition	ITGA2B
ACTN4	effect	ITGA2B
ACTN4	inhibition	ITGA4
ACTN4	effect	ITGA4
ACTN1	inhibition	ITGB1
ACTN1	effect	ITGB1
ACTN1	inhibition	ITGB3
ACTN1	effect	ITGB3
ACTN1	inhibition	ITGB4
ACTN1	effect	ITGB4
ACTN1	inhibition	ITGB5
ACTN1	effect	ITGB5
ACTN1	inhibition	ITGB6
ACTN1	effect	ITGB6
ACTN1	activation	ITGB7
ACTN1	effect	ITGB7
ACTN1	activation	ITGB8
ACTN1	effect	ITGB8
ACTN1	activation	ITGA11
ACTN1	effect	ITGA11
ACTN1	activation	ITGA6
ACTN1	effect	ITGA6
ACTN1	activation	ITGA1
ACTN1	effect	ITGA1
ACTN1	activation	ITGA2
ACTN1	effect	ITGA2
ACTN1	activation	ITGA2B
ACTN1	effect	ITGA2B
ACTN1	activation	ITGA3
ACTN1	effect	ITGA3
ACTN1	activation	ITGA4
ACTN1	effect	ITGA4
ACTN1	activation	ITGA5
ACTN1	effect	ITGA5
ACTN1	activation	ITGA7
ACTN1	effect	ITGA7
ACTN1	activation	ITGA9
ACTN1	effect	ITGA9
ACTN1	activation	ITGAV
ACTN1	effect	ITGAV
ACTN1	activation	ITGA10
ACTN1	effect	ITGA10
ACTN1	activation	ITGA8
ACTN1	effect	ITGA8
PXN	effect	ITGA2B
PXN	effect	ITGA4
RHOA	inhibition	PIP5K1B
CAV1	activation	FYN
FLT1	activation	PIK3R1
FLT4	activation	PIK3R1
MET	activation	PIK3R1
PDGFRA	activation	PTK2
EMP2	activation	ITGB1
EMP2	activation	ITGB3
EMP2	activation	ITGB4
EMP2	activation	ITGB5
EMP2	activation	ITGB6
EMP2	activation	ITGB7
EMP2	activation	ITGB8
EMP1	activation	PDGFRA
LAMC3	activation	CD44
LAMB4	activation	CD44
LAMA1	activation	CD44
LAMA1	activation	SV2C
LAMA1	activation	SV2B
LAMA1	activation	SV2A
LAMA1	activation	DAG1
LAMA2	activation	CD44
LAMA3	activation	CD44
LAMA4	activation	CD44
LAMA5	activation	CD44
LAMB1	activation	CD44
LAMB1	activation	SV2C
LAMB1	activation	SV2B
LAMB1	activation	SV2A
LAMB1	activation	DAG1
LAMB2	activation	CD44
LAMB3	activation	CD44
LAMC1	activation	CD44
LAMC2	activation	CD44
COL1A1	activation	CD44
COL1A1	activation	SDC1
COL1A2	activation	CD44
COL1A2	activation	SDC1
COL2A1	activation	CD44
COL2A1	activation	SDC1
COL2A1	activation	SDC4
COL2A1	activation	GP6
COL4A1	activation	CD44
COL4A1	activation	SDC1
COL4A1	activation	SDC4
COL4A1	activation	GP6
COL4A2	activation	CD44
COL4A2	activation	SDC1
COL4A2	activation	SDC4
COL4A2	activation	GP6
COL4A3	activation	CD44
COL4A3	activation	SDC1
COL4A4	activation	CD44
COL4A4	activation	SDC1
COL4A5	activation	CD44
COL4A5	activation	SDC1
COL4A6	activation	CD44
COL4A6	activation	SDC1
COL6A1	activation	CD44
COL6A1	activation	SDC1
COL6A2	activation	CD44
COL6A2	activation	SDC1
COL6A3	activation	CD44
COL6A3	activation	SDC1
COL9A1	activation	CD44
COL9A1	activation	SDC1
COL9A2	activation	CD44
COL9A2	activation	SDC1
COL9A3	activation	CD44
COL9A3	activation	SDC1
COL6A6	activation	CD44
COL6A6	activation	SDC1
COL6A5	activation	CD44
COL6A5	activation	SDC1
TNC	activation	SDC1
TNN	activation	SDC1
TNR	activation	SDC1
TNXB	activation	SDC1
VWF	activation	GP9
VWF	activation	GP1BB
VWF	activation	GP1BA
VWF	activation	GP5
FN1	activation	CD44
FN1	activation	SDC1
FN1	activation	SDC4
COMP	activation	SDC1
THBS1	activation	SDC1
THBS2	activation	SDC1
THBS3	activation	SDC1
THBS4	activation	SDC1
CD58	activation	CD2
HLA-DMA	activation	CD4
HLA-DMB	activation	CD4
HLA-DOA	activation	CD4
HLA-DOB	activation	CD4
HLA-DPA1	activation	CD4
HLA-DPB1	activation	CD4
HLA-DQA1	activation	CD4
HLA-DQA2	activation	CD4
HLA-DQB1	activation	CD4
HLA-DRA	activation	CD4
HLA-DRB1	activation	CD4
HLA-DRB3	activation	CD4
HLA-DRB4	activation	CD4
HLA-DRB5	activation	CD4
HLA-A	activation	CD8A
HLA-B	activation	CD8A
HLA-C	activation	CD8A
HLA-E	activation	CD8A
HLA-F	activation	CD8A
HLA-G	activation	CD8A
HLA-A	activation	CD8B
HLA-B	activation	CD8B
HLA-G	activation	CD8B
HLA-A	activation	CD8B2
HLA-B	activation	CD8B2
HLA-G	activation	CD8B2
SELPLG	activation	SELP
PECAM1	activation	PECAM1
CDH2	activation	CDH2
VSIR	activation	IGSF11
ITGB1	activation	VCAM1
ITGA4	activation	VCAM1
ITGA9	activation	VCAM1
ROCK1	effect	MYL2
ROCK2	effect	MYL2
ROCK1	effect	MYL7
ROCK2	effect	MYL7
RAC1	activation	WASF3
RAC2	activation	WASF3
RAC3	activation	WASF3
WASF3	activation	ACTB
WASF3	activation	ACTG1
CLDN9	activation	CLDN4
CLDN9	activation	CLDN3
CLDN9	activation	CLDN10
PRKAG2	activation	MYL2
PRKAG3	activation	MYL2
PRKAA1	activation	MYL2
PRKAA2	activation	MYL2
PRKAB1	activation	MYL2
PRKAB2	activation	MYL2
PRKAG1	activation	MYL2
WHAMM	activation	ARPC3
WHAMM	effect	ARPC3
WAS	activation	ARPC3
WAS	effect	ARPC3
ARPC5	inhibition	ARPC3
ARPC5	effect	ARPC3
ARPC4	inhibition	ARPC3
ARPC4	effect	ARPC3
ARPC3	inhibition	ACTB
ARPC3	inhibition	ACTG1
ARPC3	inhibition	ARPC5
ARPC3	inhibition	ARPC4
ARPC3	inhibition	ARPC3
ARPC3	inhibition	ARPC1B
ARPC3	inhibition	ACTR3
ARPC3	inhibition	ACTR2
ARPC3	inhibition	ARPC2
ARPC3	inhibition	ARPC1A
ARPC3	effect	ARPC1A
ARPC3	inhibition	ACTR3B
ARPC3	effect	ACTR3B
ARPC3	inhibition	ACTR3C
ARPC3	inhibition	ARPC5L
ACTR3	activation	ARPC3
ACTR2	activation	ARPC3
ARPC2	activation	ARPC3
ARPC2	effect	ARPC3
CDK1	activation	GJA1
PRKACA	activation	GJA1
PRKACB	activation	GJA1
PRKACG	activation	GJA1
SRC	activation	GJA1
MAPK1	activation	GJA1
MAPK3	activation	GJA1
IL6ST	activation	PIK3R1
LIFR	activation	PIK3R1
STAT3	activation	KLF4
STAT3	activation	MYC
KLF4	activation	SOX2
TBX3	activation	NANOG
INHBC	activation	ACVR1B
INHBE	activation	ACVR1B
BMPR2	activation	SMAD9
ACVR1	activation	SMAD9
NANOGP8	activation	POU5F1
NANOG	activation	POU5F1
NANOG	activation	POU5F1B
POU5F1	activation	SOX2
POU5F1B	activation	SOX2
SOX2	activation	NANOGP8
SOX2	activation	NANOG
FGFR1	inhibition	PIK3R1
FGFR3	inhibition	PIK3R1
FGFR2	inhibition	PIK3R1
FGFR4	activation	PIK3R1
SMAD9	activation	DUSP9
NODAL	activation	ACVR1C
NODAL	activation	ACVR1B
F3	activation	F10
SERPINE2	inhibition	PLAT
SERPINE2	inhibition	PLAU
PROCR	activation	PROC
F2R	effect	GNAQ
F2RL3	activation	GNA13
F2RL3	effect	GNA13
TBXA2R	activation	GNA13
TBXA2R	effect	GNA13
ITGA2	activation	PIK3R1
ITGB1	activation	PIK3R1
GP5	activation	PIK3R1
RASGRP1	activation	PLA2G4F
RASGRP2	activation	PLA2G4F
ITGA2B	activation	GNA13
ITGA2B	activation	FGA
ITGA2B	activation	FGB
ITGA2B	activation	FGG
ITGB3	activation	GNA13
ITGB3	activation	FGG
PIK3R1	inhibition	AKT3
PIK3R1	inhibition	AKT1
PIK3R1	inhibition	AKT2
PIK3R1	inhibition	LCP2
PIK3R1	inhibition	BTK
PIK3R1	inhibition	PLCG2
GNA13	activation	SRC
ACTB	activation	ITGA2B
ACTG1	activation	ITGA2B
FERMT3	activation	ITGA2B
GP1BA	activation	LYN
GP1BA	activation	PIK3CA
GP1BA	activation	PIK3CB
GP1BA	activation	PIK3CD
GP1BA	activation	PIK3R1
GP1BA	activation	PIK3R2
GP1BA	activation	PIK3R3
GP1BB	activation	PIK3R1
GP9	activation	PIK3R1
FCER1G	activation	PIK3R1
CD4	activation	HLA-DRB3
CD4	activation	HLA-DRB4
CD4	activation	HLA-DRB5
CD8A	activation	HLA-A
CD8A	activation	HLA-B
CD8A	activation	HLA-C
CD8A	activation	HLA-E
CD8A	activation	HLA-F
CD8A	activation	HLA-G
CD8B	activation	HLA-A
CD8B	activation	HLA-B
CD8B	activation	HLA-G
CD8B2	activation	HLA-A
CD8B2	activation	HLA-B
CD8B2	activation	HLA-G
TAPBP	activation	HLA-A
TAPBP	activation	HLA-B
TAPBP	activation	HLA-G
HLA-A	activation	HLA-A
HLA-A	activation	HLA-B
HLA-A	activation	HLA-C
HLA-A	activation	HLA-E
HLA-A	activation	HLA-F
HLA-A	activation	HLA-G
HLA-A	activation	KIR2DS2
HLA-A	activation	KIR3DL3
HLA-A	activation	KIR2DL1
HLA-A	activation	KIR2DL2
HLA-A	activation	KIR2DL3
HLA-A	activation	KIR2DL4
HLA-A	activation	KIR2DS1
HLA-A	activation	KIR2DS3
HLA-A	activation	KIR2DS4
HLA-A	activation	KIR2DS5
HLA-A	activation	KIR3DL1
HLA-A	activation	KIR3DL2
HLA-A	activation	KLRC1
HLA-A	activation	KLRC2
HLA-A	activation	KLRC3
HLA-A	activation	KLRD1
HLA-A	activation	KIR2DL5A
HLA-A	activation	KLRC4
HLA-B	activation	HLA-A
HLA-B	activation	HLA-B
HLA-B	activation	HLA-C
HLA-B	activation	HLA-E
HLA-B	activation	HLA-F
HLA-B	activation	HLA-G
HLA-B	activation	KIR2DS2
HLA-B	activation	KIR3DL3
HLA-B	activation	KIR2DL1
HLA-B	activation	KIR2DL2
HLA-B	activation	KIR2DL3
HLA-B	activation	KIR2DL4
HLA-B	activation	KIR2DS1
HLA-B	activation	KIR2DS3
HLA-B	activation	KIR2DS4
HLA-B	activation	KIR2DS5
HLA-B	activation	KIR3DL1
HLA-B	activation	KIR3DL2
HLA-B	activation	KLRC1
HLA-B	activation	KLRC2
HLA-B	activation	KLRC3
HLA-B	activation	KLRD1
HLA-B	activation	KIR2DL5A
HLA-B	activation	KLRC4
HLA-C	activation	HLA-A
HLA-C	activation	HLA-B
HLA-C	activation	HLA-G
HLA-E	activation	HLA-A
HLA-E	activation	HLA-B
HLA-E	activation	HLA-G
HLA-G	activation	HLA-F
HLA-G	activation	HLA-G
HLA-G	activation	KIR2DS2
HLA-G	activation	KIR3DL3
HLA-G	activation	KIR2DL1
HLA-G	activation	KIR2DL2
HLA-G	activation	KIR2DL3
HLA-G	activation	KIR2DL4
HLA-G	activation	KIR2DS1
HLA-G	activation	KIR2DS3
HLA-G	activation	KIR2DS4
HLA-G	activation	KIR2DS5
HLA-G	activation	KIR3DL1
HLA-G	activation	KIR3DL2
HLA-G	activation	KLRC1
HLA-G	activation	KLRC2
HLA-G	activation	KLRC3
HLA-G	activation	KLRD1
SRC	activation	FCGR1A
SYK	activation	PIK3R1
LOC102723407	activation	FCGR1A
SELP	activation	SELPLG
FGG	activation	ITGAM
FGG	activation	ITGB2
FPR1	activation	PIK3R1
FPR2	activation	PIK3R1
FPR3	activation	PIK3R1
VWF	inhibition	ITGAM
VWF	inhibition	ITGB2
CD14	activation	TLR4
MAP2K6	effect	MAPK14
MAP2K6	effect	MAPK11
MAP2K6	effect	MAPK13
MAP2K6	effect	MAPK12
MAP3K7	effect	MAP2K6
CASP8	activation	CASP1
CASP8	activation	CHUK
CASP8	activation	IKBKB
CASP8	activation	IKBKG
ZBP1	activation	CASP8
AIM2	activation	CASP8
NLRP3	activation	CASP8
MEFV	activation	CASP8
CARD9	activation	CASP8
BCL10	activation	CASP8
MALT1	activation	CASP8
CARD9	activation	PIK3R1
BCL10	activation	PIK3R1
MALT1	activation	PIK3R1
NFKB1	activation	IL23A
RELA	activation	IL23A
BCL3	inhibition	IL23A
NFKB1	inhibition	IL23A
STAT1	inhibition	MYC
STAT3	effect	MYC
STAT5A	activation	MYC
STAT5B	activation	MYC
STAT6	activation	MYC
STAT4	activation	MYC
IL23A	activation	JAK2
IL23A	effect	JAK2
IL23A	effect	IL23R
IL23A	effect	IL12RB1
IL23A	activation	IL12RB2
IL23A	effect	IL12RB2
IL23A	activation	TYK2
IL23A	effect	TYK2
STAT2	activation	MYC
TYK2	activation	PIK3R1
PDGFA	activation	JAK1
PDGFA	activation	JAK2
PDGFRA	activation	STAT1
PDGFRA	activation	STAT3
PTK2B	activation	RAC1
PTK2B	activation	RAC2
PTK2B	activation	RAC3
ZAP70	activation	PIK3R1
HCST	activation	PIK3R1
PIK3R1	activation	VAV3
PIK3R1	activation	VAV1
PIK3R1	activation	VAV2
ITGB2	activation	PTK2B
ITGAL	activation	PTK2B
TRAF3IP2	activation	IL17A
TRAF3IP2	activation	IL17RA
IKBKE	activation	TRAF3IP2
IKBKE	effect	TRAF3IP2
TBK1	inhibition	TRAF3IP2
TBK1	effect	TRAF3IP2
TRAF4	inhibition	TRAF3IP2
TRAF3IP2	activation	TRAF6
TRAF3IP2	effect	TRAF6
IL17RA	activation	TRAF3IP2
IL17RB	activation	TRAF3IP2
TRAF3IP2	activation	TRAF5
TRAF3IP2	activation	TRAF2
IL17RE	activation	TRAF3IP2
TRAF3IP2	activation	FOS
TRAF3IP2	activation	FOSB
TRAF3IP2	activation	JUN
TRAF3IP2	activation	JUND
TRAF3IP2	activation	FOSL1
NFKB1	activation	GATA3
RELA	activation	GATA3
NFATC1	activation	GATA3
NFATC2	activation	GATA3
NFATC3	activation	GATA3
NFATC3	effect	GATA3
FOS	activation	GATA3
CD4	activation	LCK
STAT6	activation	GATA3
GATA3	activation	GATA3
GATA3	activation	IL2RA
GATA3	activation	IL4R
GATA3	activation	IL4
GATA3	activation	IL2
GATA3	activation	IL5
GATA3	activation	IL13
GATA3	activation	MAF
GATA3	activation	TBX21
GATA3	activation	IL12RB1
GATA3	activation	IL12RB2
TBX21	activation	GATA3
STAT5A	activation	GATA3
STAT5B	activation	GATA3
MAML3	activation	GATA3
MAML2	inhibition	GATA3
MAML1	activation	GATA3
RBPJL	activation	GATA3
RBPJ	activation	GATA3
TBX21	activation	RUNX1
RUNX1	inhibition	RORC
GATA3	inhibition	RORC
FOXP3	activation	RUNX1
ICOS	activation	PIK3R1
CD8A	activation	LCK
PTPRC	activation	LCK
PTPRC	activation	FYN
PIK3AP1	effect	PIK3R1
PIK3R1	activation	BTK
PIK3R1	activation	PLCG1
PIK3R1	activation	PLCG2
RAC1	activation	MAP2K6
RAC3	activation	MAP2K6
FCGR1A	effect	SYK
HCK	activation	GAB2
HCK	effect	GAB2
LYN	activation	FCGR1A
LYN	effect	FCGR1A
LYN	activation	GAB2
LYN	effect	GAB2
PTPRC	activation	HCK
PTPRC	activation	LYN
PIK3R1	activation	DNM2
PIK3R1	activation	AMPH
PIK3R1	activation	BIN1
LAT	activation	PIK3R1
PRKCD	activation	MARCKS
PRKCE	activation	MARCKS
RAC1	activation	PIP5K1B
RAC1	effect	PIP5K1B
RAC1	inhibition	WASF3
RAC1	effect	WASF3
RAC2	activation	PIP5K1B
WASF2	activation	ARPC3
WASF2	effect	ARPC3
WASF3	activation	ACTR2
WASF3	activation	ACTR3B
WASF3	activation	ACTR3C
WASF3	activation	ARPC5L
WASF1	activation	ARPC3
ARF6	activation	PIP5K1B
RPS6KA4	activation	CREB1
RPS6KA5	activation	CREB1
TRAF2	activation	PIK3R1
CFLAR	inhibition	CASP8
CFLAR	inhibition	CASP10
ITCH	inhibition	CFLAR
PIK3R1	activation	TXK
THY1	inhibition	ARHGAP35
THY1	inhibition	ARHGAP5
VCAM1	activation	CYBB
VCAM1	activation	CYBA
VCAM1	activation	NCF2
VCAM1	activation	NCF1
VCAM1	activation	NCF4
RAP1A	activation	ITGA4
RAP1B	activation	ITGA4
RASSF5	activation	ITGA4
CALM1	activation	CAMK2D
CALM2	activation	CAMK2D
CALM3	activation	CAMK2D
CALML3	activation	CAMK2D
CALML4	activation	CAMK2D
CAMK2D	activation	NOS1
CAMK2D	effect	NOS1
CAMK2D	activation	MAPK1
CAMK2D	activation	MAPK3
RASD1	activation	GNB5
RASD1	activation	GNAI1
RASD1	activation	GNAI2
RASD1	activation	GNAI3
RASD1	activation	GNAO1
RASD1	activation	GNB1
RASD1	activation	GNB2
RASD1	activation	GNB3
RASD1	activation	GNG3
RASD1	activation	GNG4
RASD1	activation	GNG5
RASD1	activation	GNG7
RASD1	activation	GNG10
RASD1	activation	GNG11
RASD1	activation	GNGT1
RASD1	activation	GNGT2
RASD1	activation	GNG13
RASD1	activation	GNG2
RASD1	activation	GNG12
RASD1	activation	GNB4
RASD1	activation	GNG8
GNG12	activation	MAPK1
GNG12	activation	MAPK3
ADCYAP1R1	activation	GNG12
GNG12	activation	ADCY1
GNG12	activation	ADCY2
GNG12	activation	ADCY3
GNG12	activation	ADCY5
GNG12	activation	ADCY6
GNG12	activation	ADCY7
GNG12	activation	ADCY8
GNG12	activation	ADCY9
GNG12	activation	ADCY4
GNG12	activation	ADCY10
MTNR1B	activation	GNG12
MTNR1A	activation	GNG12
GNG12	activation	KCNJ3
GNG12	activation	KCNJ5
GNG12	activation	KCNJ6
GNG12	activation	KCNJ9
RASD1	inhibition	GNB5
RASD1	inhibition	GNB1
RASD1	inhibition	GNB2
RASD1	inhibition	GNB3
RASD1	inhibition	GNG3
RASD1	inhibition	GNG4
RASD1	inhibition	GNG5
RASD1	inhibition	GNG7
RASD1	inhibition	GNG10
RASD1	inhibition	GNG11
RASD1	inhibition	GNGT1
RASD1	inhibition	GNGT2
RASD1	inhibition	GNG13
RASD1	inhibition	GNG2
RASD1	inhibition	GNG12
RASD1	inhibition	GNB4
RASD1	inhibition	GNG8
RASD1	inhibition	PRKACA
RASD1	inhibition	PRKACB
RASD1	inhibition	PRKACG
CREB1	activation	PER1
CREB1	activation	PER3
CREB1	activation	PER2
CREB1	activation	ZNF516
CREB1	activation	UCP1
PPP1CA	activation	CAMK2D
PPP1CB	activation	CAMK2D
PPP1CC	activation	CAMK2D
CAMK2D	activation	ATF4
NGFR	inhibition	PIK3R1
CNR1	activation	GNG12
GNG12	activation	MAPK14
GNG12	activation	MAPK8
GNG12	activation	MAPK11
GNG12	activation	MAPK9
GNG12	activation	MAPK10
GNG12	activation	MAPK13
GNG12	activation	MAPK12
GNG12	inhibition	CACNA1A
GNG12	inhibition	CACNA1B
PRKACA	inhibition	NDUFB3
PRKACB	inhibition	NDUFB3
PRKACG	inhibition	NDUFB3
GRM7	activation	GNG12
GRM8	activation	GNB5
GRM8	activation	GNAI1
GRM8	activation	GNAI2
GRM8	activation	GNAI3
GRM8	activation	GNAO1
GRM8	activation	GNB1
GRM8	activation	GNB2
GRM8	activation	GNB3
GRM8	activation	GNG3
GRM8	activation	GNG4
GRM8	activation	GNG5
GRM8	activation	GNG7
GRM8	activation	GNG10
GRM8	activation	GNG11
GRM8	activation	GNGT1
GRM8	activation	GNGT2
GRM8	activation	GNG13
GRM8	activation	GNG2
GRM8	activation	GNG12
GRM8	activation	GNB4
GRM8	activation	GNG8
GRM2	activation	GNG12
GRM3	activation	GNG12
GRM4	activation	GNG12
PRKCA	activation	PLA2G4F
PRKCB	activation	PLA2G4F
PRKCG	activation	PLA2G4F
GNG12	inhibition	KCNJ3
CHRM2	activation	GNG12
CHRM4	activation	GNG12
GNG12	inhibition	KCNJ6
GNG12	inhibition	PIK3R6
GNG12	inhibition	PIK3R5
GNG12	inhibition	PIK3CG
MAPK1	inhibition	CREB1
MAPK3	inhibition	CREB1
CAMK2D	inhibition	MAPK1
CAMK2D	inhibition	MAPK3
FYN	activation	PIK3R1
HTR1A	activation	GNG12
HTR1B	activation	GNG12
HTR1D	activation	GNG12
HTR1E	activation	GNG12
HTR1F	activation	GNG12
GNG12	activation	CACNA1A
GNG12	activation	CACNA1B
HTR5A	inhibition	GNG12
GABBR1	activation	GNG12
GABBR2	activation	GNG12
GNG12	inhibition	CACNA1C
GNG12	inhibition	CACNA1D
GNG12	inhibition	CACNA1F
GNG12	inhibition	CACNA1S
DRD2	inhibition	GNG12
DRD2	effect	GNG12
DRD2	inhibition	PPP2R5A
DRD2	effect	PPP2R5A
GNG12	inhibition	KCNJ5
GNG12	inhibition	KCNJ9
GNG12	inhibition	SCN1A
GNG12	inhibition	PLCB1
GNG12	inhibition	PLCB2
GNG12	inhibition	PLCB3
GNG12	inhibition	PLCB4
DRD3	activation	GNG12
DRD4	activation	GNG12
GNA13	activation	PLA2G4B
GNA13	activation	PLA2G4E
GNA13	activation	PLA2G4F
GNA12	activation	PLA2G4F
GNAI1	activation	PLA2G4F
GNAI2	activation	PLA2G4F
GNAI3	activation	PLA2G4F
GNAO1	activation	PLA2G4F
GNAS	activation	PLA2G4F
GNAZ	activation	PLA2G4F
GNA13	activation	PLA2G4D
GNA13	activation	PLA2G4A
GNA13	activation	PLA2G4C
GNA13	activation	JMJD7-PLA2G4B
CRHR1	activation	GNA13
IGF1R	activation	GNA13
CAMK2D	inhibition	ADCY3
CAMK2D	effect	ADCY3
GUCA1A	activation	GUCY2F
GUCA1A	activation	GUCY2D
GUCA1A	inhibition	GUCY2F
GUCA1A	inhibition	GUCY2D
CAMK2D	activation	TRPV1
CAMK2D	effect	TRPV1
IL1R1	activation	MAP2K6
IL1RAP	activation	MAP2K6
MAP2K6	activation	MAPK8
MAP2K6	activation	MAPK9
MAP2K6	activation	MAPK10
PIK3R1	activation	PRKCD
IGF1	activation	TRPV2
VCL	activation	PIP5K1B
PIKFYVE	activation	ACTN1
PIP5K1C	activation	ACTN1
PIP4K2A	activation	ACTN1
PIP4K2C	activation	ACTN1
PIP5K1A	activation	ACTN1
PIP5K1B	activation	VCL
PIP5K1B	activation	ACTN4
PIP5K1B	activation	ACTN1
PIP5K1B	activation	GSN
PIP5K1B	activation	SCIN
PIP4K2B	activation	ACTN1
ROCK1	activation	PIP5K1B
ROCK2	activation	PIP5K1B
VAV3	inhibition	PIK3R1
VAV3	effect	PIK3R1
TIAM1	effect	PIK3R1
VAV1	effect	PIK3R1
VAV2	effect	PIK3R1
GNG12	inhibition	FGD1
GNG12	effect	FGD1
GNG12	inhibition	FGD3
GNG12	effect	FGD3
GNG12	inhibition	PAK4
GNG12	effect	PAK4
GNG12	inhibition	BUB1B-PAK6
GNG12	effect	BUB1B-PAK6
GNG12	inhibition	PAK1
GNG12	effect	PAK1
GNG12	inhibition	PAK2
GNG12	effect	PAK2
GNG12	inhibition	PAK3
GNG12	effect	PAK3
GNG12	inhibition	PAK6
GNG12	effect	PAK6
GNG12	inhibition	PAK5
GNG12	effect	PAK5
CHRM1	inhibition	GNG12
CHRM1	effect	GNG12
CHRM2	inhibition	GNG12
CHRM2	effect	GNG12
CHRM3	inhibition	GNG12
CHRM3	effect	GNG12
CHRM4	inhibition	GNG12
CHRM4	effect	GNG12
CHRM5	inhibition	GNG12
CHRM5	effect	GNG12
BDKRB1	inhibition	GNG12
BDKRB1	effect	GNG12
BDKRB2	inhibition	GNG12
BDKRB2	effect	GNG12
FN1	activation	ITGAD
FN1	activation	ITGAE
FN1	activation	ITGAL
FN1	activation	ITGAM
FN1	activation	ITGAX
FN1	activation	ITGB2
PDGFRA	activation	SOS1
PDGFRA	activation	SOS2
FGF4	activation	INSRR
PDGFA	activation	INSRR
ACTB	activation	ARPC3
ACTG1	activation	ARPC3
MYH9	activation	MYL2
MYH9	activation	MYL7
MYH10	activation	MYL2
MYH10	activation	MYL7
MYH11	activation	MYL2
MYH11	activation	MYL7
MYH14	activation	MYL2
MYH14	activation	MYL7
CXCR4	activation	GNA13
CXCR4	activation	GNA12
FOXO1	activation	FBP1
FOXO1	effect	FBP1
PIK3R1	inhibition	PRKCI
PIK3R1	effect	PRKCI
PIK3R1	inhibition	PRKCZ
PIK3R1	effect	PRKCZ
PIK3R1	inhibition	MTOR
PIK3R1	effect	MTOR
PRKACA	activation	PDX1
PRKACB	activation	PDX1
PRKACG	activation	PDX1
CREB1	activation	INS
PDX1	activation	INS
MAP3K2	activation	MAP2K6
MAP3K1	activation	MAP2K6
MAP3K3	activation	MAP2K6
MAP3K4	activation	MAP2K6
PRKACA	activation	CYP19A1
PRKACB	activation	CYP19A1
PRKACG	activation	CYP19A1
MAPK1	effect	CREB1
MAPK3	effect	CREB1
NCOA2	activation	KRT18
NCOA3	activation	KRT18
NCOA1	activation	KRT18
NCOA2	activation	KRT19
NCOA3	activation	KRT19
NCOA1	activation	KRT19
ESR1	activation	KRT18
ESR2	activation	KRT18
ESR1	activation	KRT19
ESR2	activation	KRT19
KIT	activation	HRAS
KIT	effect	HRAS
KIT	activation	KRAS
KIT	effect	KRAS
KIT	activation	NRAS
KIT	effect	NRAS
KITLG	effect	KIT
TCF7L1	activation	MITF
TCF7L1	effect	MITF
CREB1	activation	MITF
CREB1	effect	MITF
CTNNB1	effect	TCF7L1
POMC	effect	MC1R
WNT3	inhibition	FZD10
WNT3	inhibition	FZD2
WNT3	inhibition	FZD5
WNT3	effect	FZD5
RAF1	activation	PIK3R1
STAT1	activation	SLC2A2
STAT3	activation	SLC2A2
STAT5A	inhibition	SLC2A2
STAT5A	effect	SLC2A2
STAT5B	inhibition	SLC2A2
SRC	inhibition	PIK3R1
PRKCA	activation	CREB1
PRKCB	activation	CREB1
PRKCG	activation	CREB1
CREB1	activation	TG
PIK3CA	activation	ATP1B3
PIK3CB	activation	ATP1B3
PIK3CD	activation	ATP1B3
PIK3R1	activation	ATP1B4
PIK3R1	activation	ATP1A1
PIK3R1	effect	ATP1A1
PIK3R1	activation	ATP1A2
PIK3R1	effect	ATP1A2
PIK3R1	activation	ATP1A3
PIK3R1	effect	ATP1A3
PIK3R1	activation	ATP1A4
PIK3R1	effect	ATP1A4
PIK3R1	activation	ATP1B1
PIK3R1	effect	ATP1B1
PIK3R1	activation	ATP1B2
PIK3R1	effect	ATP1B2
PIK3R1	activation	ATP1B3
PIK3R1	effect	ATP1B3
PIK3R1	activation	FXYD2
PIK3R1	effect	FXYD2
PIK3R1	activation	THRA
PIK3R1	effect	THRA
PIK3R1	activation	RCAN2
PIK3R1	effect	RCAN2
PIK3R1	activation	HIF1A
PIK3R1	effect	HIF1A
PIK3R2	activation	ATP1B3
PIK3R3	activation	ATP1B3
THRA	inhibition	MYH6
THRA	effect	MYH6
THRA	inhibition	MYH7
THRA	effect	MYH7
THRB	activation	PIK3R1
THRB	activation	GATA4
THRB	activation	MYC
THRB	activation	MYH6
THRB	activation	MYH7
MAPK1	activation	ATP1B3
MAPK3	activation	ATP1B3
SIN3A	activation	THRA
SIN3A	activation	THRB
SIN3A	activation	RXRA
SIN3A	activation	RXRB
SIN3A	activation	RXRG
CPT1A	inhibition	ACSL4
CPT1A	effect	ACSL4
CPT1A	inhibition	ACSBG1
CPT1A	effect	ACSBG1
CPT1A	inhibition	ACSL6
CPT1A	effect	ACSL6
CPT1A	inhibition	ACSL5
CPT1A	effect	ACSL5
CPT1A	inhibition	ACSBG2
CPT1A	effect	ACSBG2
ACACB	activation	CPT1A
PPARA	inhibition	CPT1A
PPARA	effect	CPT1A
STAT3	effect	POMC
STAT3	effect	CPT1A
PRKCA	inhibition	CD38
PRKCA	effect	CD38
PRKCB	inhibition	CD38
PRKCB	effect	CD38
PRKCG	inhibition	CD38
PRKCG	effect	CD38
MAPK1	effect	PLA2G4F
CAMK2D	activation	NOS3
ATF4	activation	CREB1
ATF4	activation	CPT1A
ATF4	effect	CPT1A
CREB3L2	activation	CREB1
CREB3L2	effect	CREB1
CREB3L2	activation	CPT1A
CREB3L2	effect	CPT1A
CREB3L3	activation	CREB1
CREB3L3	effect	CREB1
CREB3L3	activation	CPT1A
CREB3L3	effect	CPT1A
CREB3L1	activation	CREB1
CREB3L1	effect	CREB1
CREB3L1	activation	CPT1A
CREB3L1	effect	CPT1A
CREB5	activation	CREB1
CREB5	effect	CREB1
CREB5	activation	CPT1A
CRTC2	activation	CPT1A
CREBBP	activation	CPT1A
EP300	activation	CPT1A
PPARGC1A	activation	CPT1A
FOXO1	activation	CPT1A
CAMK2D	activation	FOXO1
CREB1	activation	REN
CREB1	inhibition	CYP11B2
CREB1	inhibition	STAR
PRKD3	activation	CREB1
PRKD2	activation	CREB1
PRKD2	effect	CREB1
PRKD1	activation	CREB1
PRKD1	effect	CREB1
CAMK1D	activation	CREB1
CAMK1D	effect	CREB1
CAMK1G	activation	CREB1
CAMK1G	effect	CREB1
CAMK4	effect	CREB1
CAMK2A	activation	CREB1
CAMK2A	effect	CREB1
CAMK2B	activation	CREB1
CAMK2B	effect	CREB1
CAMK2D	activation	ATF1
CAMK2D	effect	ATF1
CAMK2D	activation	CREB3
CAMK2D	effect	CREB3
CAMK2D	activation	CREB1
CAMK2D	effect	CREB1
CAMK2D	activation	ATF2
CAMK2D	effect	ATF2
CAMK2D	activation	ATF6B
CAMK2D	effect	ATF6B
CAMK2D	activation	CREB3L4
CAMK2D	effect	CREB3L4
CAMK2D	effect	ATF4
CAMK2D	activation	CREB3L2
CAMK2D	effect	CREB3L2
CAMK2D	activation	CREB3L3
CAMK2D	effect	CREB3L3
CAMK2D	activation	CREB3L1
CAMK2D	effect	CREB3L1
CAMK2D	activation	CREB5
CAMK2D	effect	CREB5
CAMK2G	activation	CREB1
CAMK2G	effect	CREB1
CAMK1	activation	CREB1
CAMK1	effect	CREB1
POMC	effect	MC2R
PIK3R1	activation	RAF1
PIK3R1	activation	SRC
CREB1	activation	VEGFD
CREB1	activation	VEGFA
CREB1	activation	VEGFB
CREB1	activation	VEGFC
GNAS	activation	GNG12
GNAO1	activation	GNG12
GNAI1	inhibition	GNG12
GNAI2	activation	GNG12
GNAI3	activation	GNG12
SMAD2	activation	COL4A1
SMAD2	activation	COL4A2
CREB1	activation	STAR
CREB1	activation	CYP11B1
CREB1	activation	CYP17A1
CREB1	activation	NCEH1
PTH1R	activation	GNA13
GATA3	inhibition	PTH
GNA13	inhibition	AKAP13
GNA13	inhibition	ARHGEF1
GNA13	inhibition	ARHGEF11
CREB1	activation	TNFSF11
CREB1	effect	TNFSF11
CREB1	effect	BCL2
CREB1	activation	CDKN1A
CREB1	effect	CDKN1A
CREB1	effect	FOS
PIK3R1	activation	SLC2A4
PIK3R1	activation	MTOR
PDX1	inhibition	INS
PDX1	effect	INS
OGT	inhibition	PIK3R1
OGT	effect	PIK3R1
CRTC2	activation	CREB1
CREB1	activation	PPARGC1A
FAS	activation	CASP8
ITCH	activation	CASP8
JUN	activation	VCAM1
NFKB1	activation	F3
RELA	activation	F3
AGER	activation	PIK3R1
PIK3R1	activation	CASP3
JUN	activation	F3
CAMK2D	activation	RAP1A
CAMK2D	activation	RAP1B
CREB3	activation	POMC
CREB1	activation	POMC
ATF2	activation	POMC
ATF6B	activation	POMC
CREB3L4	activation	POMC
ATF4	activation	POMC
CREB3L2	activation	POMC
CREB3L3	activation	POMC
CREB3L1	activation	POMC
CREB5	activation	POMC
NR4A1	activation	POMC
ASH2L	activation	CDKN2C
ASH2L	activation	CDKN2B
ASH2L	activation	CDKN2A
ASH2L	activation	CDKN1B
POMC	activation	MRAP
APC2	activation	TCF7L1
APC	activation	TCF7L1
AXIN1	activation	TCF7L1
AXIN2	activation	TCF7L1
MAPK1	activation	IGF1
MAPK3	activation	IGF1
CREB1	activation	POU1F1
MTOR	activation	IGF1
MTOR	effect	IGF1
GSK3B	activation	IGF1
STAT1	activation	IGF1
STAT3	activation	IGF1
STAT5A	activation	IGF1
STAT5B	activation	IGF1
CD14	effect	TLR4
PPARGC1A	inhibition	CPT1A
ONECUT1	activation	PDX1
ONECUT1	activation	HNF1B
PDX1	activation	NR5A2
PDX1	activation	NKX6-1
PDX1	activation	HNF4A
MAFA	activation	PDX1
HNF1A	activation	HNF4A
PAX6	activation	PDX1
PAX6	activation	IAPP
PAX6	activation	GCK
PAX6	activation	INS
NEUROG3	activation	PAX6
HNF4A	activation	PKLR
HNF4A	inhibition	SLC2A2
NR3C2	activation	ATP1B3
KL	activation	ATP1B3
ATP1B3	activation	SLC8A2
ATP1B3	activation	SLC8A1
ATP1B3	activation	SLC8A3
CREB1	activation	AQP2
PRKG1	activation	CD38
PRKG2	activation	CD38
CCKAR	activation	CD38
PRKCB	activation	SLC2A2
VDR	activation	SLC34A2
APOA1	activation	LCAT
APOA1	activation	ABCA1
APOE	activation	LRP2
APP	activation	APBB1
MAPT	activation	NDUFB3
MAPT	activation	TUBB3
WNT7A	inhibition	LRP6
WNT7A	inhibition	LRP5
DKK1	activation	WNT3
DKK1	activation	WNT7A
DKK4	activation	WNT3
DKK4	activation	WNT7A
DKK2	activation	WNT3
DKK2	activation	WNT7A
CAMK2D	activation	MAPT
CAMK2D	effect	MAPT
SNCA	inhibition	NDUFB3
PINK1	inhibition	NDUFB3
NFE2L2	activation	TXN
SNCA	inhibition	PSMA1
SNCA	inhibition	PSMA2
SNCA	inhibition	PSMC6
TXN	inhibition	DAXX
TXN	inhibition	MAP3K5
SOD1	activation	SDHD
SOD1	inhibition	COX7B2
SOD1	activation	PSMA1
SOD1	activation	PSMA2
SOD1	effect	PSMC6
MAP3K5	inhibition	MAP2K6
MAP2K6	inhibition	MAPK14
MAP2K6	inhibition	MAPK11
MAP2K6	inhibition	MAPK13
MAP2K6	inhibition	MAPK12
TARDBP	inhibition	NDUFB3
TARDBP	effect	NDUFB3
TARDBP	inhibition	PSMA1
TARDBP	inhibition	PSMA2
TARDBP	inhibition	PSMC6
HTT	inhibition	SDHD
HTT	effect	SDHD
HTT	inhibition	UQCRB
HTT	effect	UQCRB
HTT	inhibition	UQCRH
HTT	effect	UQCRH
HTT	activation	HIP1
HTT	effect	HIP1
HTT	inhibition	PSMA1
HTT	inhibition	PSMA2
HTT	activation	PSMC6
SIN3A	activation	BDNF
HDAC2	activation	BDNF
HIP1	inhibition	CASP3
HIP1	effect	CASP3
CASP8	inhibition	CASP3
CREB1	effect	PPARGC1A
DAB1	activation	PIK3R1
ATXN3	inhibition	PSMA1
ATXN3L	inhibition	PSMA1
ATXN3	inhibition	PSMA2
ATXN3L	inhibition	PSMA2
ATXN3	inhibition	PSMC6
ATXN3L	inhibition	PSMC6
PRNP	activation	CAV1
CREB1	activation	EGR1
PRNP	inhibition	PSMA1
PRNP	inhibition	PSMA2
PRNP	inhibition	PSMC6
PRNP	activation	PSMA1
PRNP	activation	PSMA2
PRNP	activation	PSMC6
SOD1	activation	PSMC6
PINK1	activation	NDUFB3
HTT	inhibition	PSMC6
HTT	inhibition	HIP1
HTT	inhibition	CASP8
CASP8	inhibition	BID
MAPT	inhibition	TUBB3
MAPT	effect	TUBB3
WNT7A	inhibition	FZD6
WNT7A	inhibition	FZD7
WNT7A	inhibition	FZD8
CAMK2D	inhibition	MAPT
UBA1	inhibition	RPS27A
UBA7	inhibition	RPS27A
UBE2L3	inhibition	RPS27A
UBE2L6	inhibition	RPS27A
CREB1	activation	PDYN
CAMK2D	activation	SLC6A3
CREB1	inhibition	PDYN
CREB1	effect	PDYN
CREB1	inhibition	ARC
CREB1	effect	ARC
CREB1	inhibition	FOS
CREB1	inhibition	FOSB
CREB1	effect	FOSB
PPP1CA	inhibition	CREB1
FOSB	activation	HDAC2
FOSB	effect	HDAC2
HDAC2	activation	FOS
HDAC2	effect	FOS
OPRM1	activation	GNG12
PRKACA	activation	GNG12
PRKACA	effect	GNG12
PRKACB	activation	GNG12
PRKACB	effect	GNG12
PRKACG	activation	GNG12
PRKACG	effect	GNG12
PRKCA	activation	GNG12
PRKCA	effect	GNG12
PRKCB	activation	GNG12
PRKCB	effect	GNG12
PRKCG	activation	GNG12
PRKCG	effect	GNG12
CREB1	activation	CRH
CREB1	activation	NPY
CREB1	activation	FOSB
CDH1	activation	CTNNB1
ARPC3	activation	ACTB
ARPC3	activation	ACTG1
PIK3R1	activation	CDC42
WASL	activation	ARPC3
ARHGEF26	activation	RHOG
TUBB3	activation	ARHGEF2
ARF1	activation	WASF3
WASF3	activation	ARPC5
WASF3	activation	ARPC4
WASF3	activation	ARPC3
WASF3	activation	ARPC1B
WASF3	activation	ACTR3
WASF3	activation	ARPC2
WASF3	activation	ARPC1A
MYO6	activation	ACTB
MYO6	activation	ACTG1
TIFA	activation	TRAF6
RPS6KA5	activation	CBX3
RPS6KA5	effect	CBX3
CBX3	activation	CXCL8
CTTN	activation	ARPC3
HCLS1	activation	ARPC3
ACTN1	activation	ACTB
ACTN1	activation	ACTG1
NFKB1	activation	TIFA
RELA	activation	TIFA
SKP1	activation	NFKBIA
SKP1	effect	NFKBIA
SKP1	activation	NFKBIB
SKP1	effect	NFKBIB
CAST	inhibition	CAPNS1
CAST	inhibition	CAPN1
CAST	inhibition	CAPN2
MAP2K6	activation	MAPK1
MAP2K6	activation	MAPK3
FBXO22	activation	NFKBIA
FBXO22	effect	NFKBIA
ARHGEF26	inhibition	RHOG
WASF3	inhibition	ARPC5
WASF3	inhibition	ARPC4
ABI1	activation	ARPC3
BRK1	activation	ARPC3
NCKAP1	activation	ARPC3
NCKAP1L	activation	ARPC3
NCKAP1L	effect	ARPC3
PAK1	activation	MYO6
PAK3	activation	MYO6
MYO6	activation	PIK3C2A
MYO6	activation	PIK3C2B
MYO6	activation	PIK3C2G
MYO6	activation	PIK3CA
MYO6	activation	PIK3CB
MYO6	activation	PIK3CD
MYO6	activation	PIK3CG
CD14	activation	LY96
RILP	activation	DYNLT3
RILP	activation	DYNC2H1
C4BPB	activation	C4A
C4BPB	effect	C4A
C4BPB	activation	C4B
C4BPB	effect	C4B
CD14	activation	TLR2
ITGB1	activation	PTK2B
ITGB1	effect	PTK2B
SRC	activation	GIT2
PTK2B	activation	ARHGEF12
PTK2B	activation	ARHGEF28
PTK2B	activation	ARHGEF1
PXN	activation	GIT2
GIT2	activation	CDC42
ITGA4	activation	SRC
ITGA4	effect	SRC
ITGA4	activation	PTK2B
ITGA4	effect	PTK2B
ITGA4	activation	PTK2
ITGA4	effect	PTK2
ITGA4	activation	FYB1
ITGA4	effect	FYB1
ITGA4	activation	SKAP2
ITGA4	effect	SKAP2
ITGA4	activation	RHOG
ITGA4	effect	RHOG
ITGA5	activation	PTK2B
TAB1	activation	MAP2K6
TAB2	activation	MAP2K6
TAB2	effect	MAP2K6
TLR4	activation	PIK3R1
TICAM1	activation	MAP2K6
TICAM1	effect	MAP2K6
RAC3	activation	PIP5K1B
RAC3	effect	PIP5K1B
CD4	activation	ZAP70
CD4	effect	ZAP70
CD8A	activation	ZAP70
FCGR1A	activation	PRKCB
FCGR1A	activation	MAPK14
FCGR1A	activation	MAPK11
FCGR1A	activation	MAPK13
FCGR1A	activation	MAPK12
FCGR1A	activation	PTGS2
FADD	activation	CFLAR
CASP8	activation	NFKBIA
CD3D	activation	CASP8
CD3E	activation	CASP8
CD3G	inhibition	CASP8
CD247	activation	CASP8
ACE	activation	KNG1
ACE	effect	KNG1
TNF	activation	VCAM1
TNFRSF1A	activation	CASP8
CD14	activation	NFKB1
CD14	activation	RELA
ITGAM	activation	PIK3R1
ITGB2	activation	PIK3R1
SERPINB6	activation	CTSG
CLEC4M	activation	IL10
CLEC4M	activation	TGFB1
CLEC4M	activation	TGFB2
CLEC4M	activation	TGFB3
CLEC4M	activation	ARHGEF12
CLEC4M	activation	RHOA
CLEC4M	activation	LSP1
CLEC4M	activation	KSR1
CLEC4M	activation	PLK3
RAB7A	activation	ATP6V0A4
CAMK2D	activation	STAT1
CAMK2D	activation	PIK3C3
CREB1	activation	HLA-DMA
CREB1	activation	HLA-DMB
CREB1	activation	HLA-DOA
CREB1	activation	HLA-DOB
CREB1	activation	HLA-DPA1
CREB1	activation	HLA-DPB1
CREB1	inhibition	HLA-DQA1
CREB1	inhibition	HLA-DQA2
CREB1	activation	HLA-DQB1
CREB1	activation	HLA-DRA
CREB1	activation	HLA-DRB1
CREB1	activation	HLA-DRB3
CREB1	activation	HLA-DRB4
CREB1	activation	HLA-DRB5
CREB1	activation	CD74
CIITA	activation	CREB1
MAPK1	activation	IL23A
MAPK3	activation	IL23A
CASP8	activation	CASP10
CTSS	activation	CREB1
MAPK8	activation	IL23A
MAPK9	activation	IL23A
MAPK10	activation	IL23A
MAPK14	activation	IL23A
MAPK11	activation	IL23A
MAPK13	activation	IL23A
RXRA	activation	MYC
PPARA	activation	MYC
NR1H3	activation	MYC
PTK2B	activation	SRC
SMAD3	activation	MYC
CREB1	activation	CXCL8
CREB1	activation	PCNA
CD28	activation	PIK3R1
CBLB	activation	PIK3R1
GNA13	activation	AKAP13
PTGER1	activation	GNG12
PTGER2	activation	GNG12
PTGER3	activation	GNG12
PTGER4	activation	GNG12
CXCR4	activation	GNB5
CXCR4	activation	GNB1
CXCR4	activation	GNB2
CXCR4	activation	GNB3
CXCR4	activation	GNG3
CXCR4	activation	GNG4
CXCR4	activation	GNG5
CXCR4	activation	GNG7
CXCR4	activation	GNG10
CXCR4	activation	GNG11
CXCR4	activation	GNGT1
CXCR4	activation	GNGT2
CXCR4	activation	GNG13
CXCR4	activation	GNG2
CXCR4	activation	GNG12
CXCR4	activation	GNB4
CXCR4	activation	GNG8
GNG12	activation	RHOA
RHOA	activation	MAP2K6
PRKCA	activation	PTK2B
PRKCG	activation	PTK2B
CTNNB1	activation	MYC
MAPK14	activation	CREB1
MAPK11	activation	CREB1
MAPK13	activation	CREB1
MAPK12	activation	CREB1
DNAJC3	activation	EIF2AK2
DNAJB1	activation	DNAJC3
COL4A5	inhibition	ITGA4
COL4A6	inhibition	ITGA2B
COL4A6	inhibition	ITGA4
COL6A1	inhibition	ITGA2B
COL6A1	inhibition	ITGA4
COL6A2	inhibition	ITGA2B
COL6A2	inhibition	ITGA4
COL6A3	inhibition	ITGA2B
COL6A3	inhibition	ITGA4
COL9A1	inhibition	ITGA2B
COL9A1	inhibition	ITGA4
COL9A2	inhibition	ITGA2B
COL9A2	effect	ITGA2B
COL9A2	effect	ITGA4
NFX1	activation	TERT
TERT	activation	TCF7
TERT	activation	TCF7L2
TERT	activation	TCF7L1
NOTCH1	activation	HEY2
NOTCH2	activation	HEY2
NOTCH3	activation	HEY2
NOTCH4	activation	HEY2
MAML3	activation	HEY2
MAML2	activation	HEY2
MAML1	activation	HEY2
ATP6V0A4	activation	EGFR
ATP6V1B1	activation	EGFR
CREB1	activation	PTGER4
CTNNB1	activation	TERT
HDAC2	inhibition	IRF1
MYC	activation	CCND2
MYC	activation	TERT
CREB1	activation	CCND1
SPI1	activation	FOS
SPI1	activation	EGR1
SPI1	activation	FOSL1
SPI1	activation	EGR2
TCF3	activation	POLB
B2M	activation	HLA-A
B2M	effect	HLA-A
B2M	activation	HLA-B
B2M	effect	HLA-B
B2M	activation	HLA-G
B2M	effect	HLA-G
LEF1	activation	CREB1
TCF7	activation	CREB1
TCF7L2	activation	CREB1
TCF7L1	activation	CREB1
RBPJ	activation	FCER2
RBPJ	activation	MYC
SKP2	activation	CDKN1B
SKP2	activation	RB1
RIPK1	activation	MAP2K6
TRAF3	activation	PIK3R1
TRAF5	activation	PIK3R1
NFKB1	activation	FCER2
NFKB1	activation	ENTPD1
NFKB1	activation	CD44
NFKB1	activation	CD58
NFKB1	activation	VIM
RELA	activation	FCER2
RELA	effect	FCER2
RELA	activation	ENTPD1
RELA	effect	ENTPD1
RELA	activation	CD44
RELA	effect	CD44
RELA	activation	CD58
RELA	effect	CD58
RELA	activation	VIM
RELA	effect	VIM
NFKB2	activation	FCER2
NFKB2	effect	FCER2
NFKB2	activation	ENTPD1
NFKB2	effect	ENTPD1
NFKB2	activation	CD44
NFKB2	effect	CD44
NFKB2	activation	CD58
NFKB2	effect	CD58
NFKB2	activation	VIM
NFKB2	effect	VIM
RELB	activation	FCER2
RELB	effect	FCER2
RELB	activation	ENTPD1
RELB	effect	ENTPD1
JUN	activation	FCER2
JUN	activation	ENTPD1
JUN	activation	CD44
JUN	activation	CD58
JUN	activation	VIM
HLA-A	activation	B2M
HLA-B	activation	B2M
HLA-G	activation	B2M
PDIA3	activation	HLA-A
PDIA3	activation	HLA-B
PDIA3	activation	HLA-G
CALR	activation	HLA-A
CALR	activation	HLA-B
CALR	activation	HLA-G
SIN3A	activation	RBPJL
SIN3A	activation	RBPJ
TRAF2	activation	MAP2K6
HLA-A	activation	AP1M2
HLA-A	activation	AP1S1
HLA-A	activation	AP1S3
HLA-A	activation	AP1B1
HLA-A	activation	AP1G1
HLA-A	activation	AP1S2
HLA-A	activation	AP1G2
HLA-A	activation	AP1M1
HLA-B	activation	AP1M2
HLA-B	activation	AP1S1
HLA-B	activation	AP1S3
HLA-B	activation	AP1B1
HLA-B	activation	AP1G1
HLA-B	activation	AP1S2
HLA-B	activation	AP1G2
HLA-B	activation	AP1M1
HLA-F	activation	HLA-A
HLA-F	activation	HLA-B
HLA-F	activation	HLA-G
HLA-G	activation	AP1M2
HLA-G	activation	AP1S1
HLA-G	activation	AP1S3
HLA-G	activation	AP1B1
HLA-G	activation	AP1G1
HLA-G	activation	AP1S2
HLA-G	activation	AP1G2
HLA-G	activation	AP1M1
HLA-G	activation	HLA-A
HLA-G	activation	HLA-B
HLA-G	activation	HLA-C
HLA-G	activation	HLA-E
TRADD	activation	MAP2K6
GNG12	activation	RAC1
GNG12	activation	RAC2
GNG12	activation	RAC3
GNAI1	effect	PIK3R1
GNAI2	effect	PIK3R1
GNAI3	effect	PIK3R1
GNAO1	activation	PIK3R1
CXCR4	activation	GNAO1
CXCR4	activation	TNF
PTK2	activation	PTK2B
TRAF5	activation	MAP2K6
TRAF5	effect	MAP2K6
TRAF2	effect	MAP2K6
PDIA3	inhibition	HLA-A
PDIA3	inhibition	HLA-B
PDIA3	effect	HLA-G
CALR	inhibition	HLA-A
CALR	effect	HLA-A
CALR	inhibition	HLA-B
CALR	effect	HLA-B
CALR	inhibition	HLA-G
CHEK1	activation	WEE1
CUL5	activation	APOBEC3D
CUL5	effect	APOBEC3D
CUL5	activation	APOBEC3C
CUL5	effect	APOBEC3C
ELOC	activation	APOBEC3D
ELOC	effect	APOBEC3D
ELOC	activation	APOBEC3C
ELOC	effect	APOBEC3C
RNF7	activation	APOBEC3D
RNF7	effect	APOBEC3D
RNF7	activation	APOBEC3C
RNF7	effect	APOBEC3C
FBXW11	activation	CD4
FBXW11	effect	CD4
SKP1	activation	CD4
SKP1	effect	CD4
CUL1	activation	CD4
CUL1	effect	CD4
BTRC	activation	CD4
BTRC	effect	CD4
RBX1	activation	CD4
RBX1	effect	CD4
C5AR1	activation	SELP
C5AR1	activation	VWF
PDGFRA	activation	PLCG1
PDGFRA	activation	PLCG2
FLT3	activation	PIK3R1
PML	inhibition	SPI1
RARA	inhibition	SPI1
RUNX1	inhibition	SPI1
RUNX1T1	inhibition	SPI1
RUNX1	inhibition	CEBPA
MAPK1	effect	MYC
MYC	activation	VEGFD
MYC	activation	PGF
MYC	activation	VEGFA
MYC	activation	VEGFB
MYC	activation	VEGFC
MYC	activation	CXCL8
MYC	activation	MMP1
MYC	activation	MMP2
MYC	activation	MMP9
MYC	activation	CCND1
MYC	activation	CDK4
JUP	activation	MYC
GLI1	activation	BMP2
GLI2	activation	BMP2
GLI3	activation	BMP2
GLI1	activation	WNT3
GLI2	activation	WNT3
GLI3	activation	WNT3
GLI1	activation	WNT7A
GLI2	activation	WNT7A
GLI3	activation	WNT7A
RUNX1	activation	JUP
RPS6KA5	activation	MYC
STAT5A	activation	PIM2
STAT5B	activation	PIM2
IL23A	activation	CSF2RB
IL23A	activation	EPOR
IL23A	activation	IFNAR1
IL23A	activation	IFNAR2
IL23A	activation	IFNGR1
IL23A	activation	IFNGR2
IL23A	activation	IL2RA
IL23A	activation	IL2RB
IL23A	activation	IL2RG
IL23A	activation	IL3RA
IL23A	activation	IL4R
IL23A	activation	IL5RA
IL23A	activation	IL6R
IL23A	activation	IL6ST
IL23A	activation	IL7R
IL23A	activation	IL13RA1
IL23A	activation	IL15RA
ALK	activation	PIK3R1
EML4	activation	PIK3R1
CAMK2D	activation	HRAS
CAMK2D	activation	KRAS
CAMK2D	activation	NRAS
F2	activation	CXCR4
AGT	activation	CXCR4
ITGA2B	activation	PTK2
CRK	activation	PIK3R1
CRKL	activation	PIK3R1
CBL	activation	PIK3R1
CKS1B	activation	SKP2
CKS2	activation	SKP2
CKS1B	activation	SKP1
CKS2	activation	SKP1
MYC	activation	CKS1B
MYC	activation	CKS2
RUNX1	activation	CTBP1
RUNX1	activation	CTBP2
RUNX1	activation	HDAC1
MECOM	activation	HDAC2
RUNX1	activation	HDAC2
NCOA3	activation	MYC
NCOA1	activation	MYC
FOS	activation	MYC
JUN	activation	MYC
SP1	activation	MYC
ESR1	activation	MYC
ESR2	activation	MYC
CD44	activation	VAV3
CD44	activation	VAV1
CD44	activation	VAV2
CD44	activation	TIAM1
CD44	activation	ARHGEF1
CD44	activation	ARHGEF12
ITPR1	activation	CAMK2D
ITPR2	activation	CAMK2D
ITPR3	activation	CAMK2D
CAMK2D	effect	FLNA
CAMK2D	effect	FLNB
CAMK2D	effect	FLNC
MYC	activation	TFAP4
ERBB2	inhibition	MYC
ERBB3	inhibition	MYC
ERBB4	inhibition	MYC
CBL	inhibition	MYC
SDC1	activation	MAPK1
SDC1	effect	MAPK1
SDC1	activation	MAPK3
SDC1	effect	MAPK3
MMP9	inhibition	SDC1
SDC1	activation	ITGAV
SDC1	activation	ITGB3
SDC1	activation	WNT1
FN1	activation	SDC2
GPC3	activation	IGF2
GPC3	activation	WNT16
GPC3	activation	WNT4
GPC3	activation	WNT1
GPC3	activation	WNT2
GPC3	activation	WNT3
GPC3	activation	WNT5A
GPC3	activation	WNT6
GPC3	activation	WNT7A
GPC3	activation	WNT7B
GPC3	activation	WNT8A
GPC3	activation	WNT8B
GPC3	activation	WNT10B
GPC3	activation	WNT11
GPC3	activation	WNT2B
GPC3	activation	WNT9A
GPC3	activation	WNT9B
GPC3	activation	WNT10A
GPC3	activation	WNT5B
GPC3	activation	WNT3A
IHH	activation	GPC3
SHH	activation	GPC3
MIR126	inhibition	PIK3R1
MIR15A	inhibition	WNT3
MIR17	inhibition	VIM
MIR29A	inhibition	DNMT3B
MIR29A	inhibition	PDGFRA
MIR29B1	inhibition	DNMT3B
MIR29B1	inhibition	PDGFRA
MIR29B2	inhibition	DNMT3B
MIR29B2	inhibition	PDGFRA
MIR29C	inhibition	DNMT3B
MIR29C	inhibition	PDGFRA
MIR21	inhibition	MARCKS
MIR30A	inhibition	PDGFA
MIR30B	inhibition	PDGFA
MIR30C1	inhibition	PDGFA
MIR30C2	inhibition	PDGFA
MIR30D	inhibition	PDGFA
MIR30E	inhibition	PDGFA
MIRLET7C	inhibition	MYC
MIR373	inhibition	CD44
MIR449A	inhibition	HDAC2
MIR520E	inhibition	CD44
MIR520A	inhibition	CD44
MIR520B	inhibition	CD44
MIR520G	inhibition	CD44
MIR520H	inhibition	CD44
MIR520C	inhibition	CD44
CHRNA9	activation	PIK3R1
PIK3R1	activation	RPS6KA6
PIK3R1	activation	RPS6KA1
PIK3R1	activation	RPS6KA2
PIK3R1	activation	RPS6KA3
PAQR7	activation	PIK3R1
PAQR5	activation	PIK3R1
PAQR8	activation	PIK3R1
PGR	activation	KLF4
ESR1	activation	FGF4
ESR2	activation	FGF4
MIR29A	inhibition	KLF4
MIR29B1	inhibition	KLF4
MIR29B2	inhibition	KLF4
MIR29C	inhibition	KLF4
PGR	activation	PIK3R1
EGFR	inhibition	PIK3R1
PIK3R1	activation	ILK
PDGFRA	effect	PLCG1
PDGFRA	effect	PLCG2
PDGFRA	effect	SHC2
FGFR1	activation	PIK3R1
FGFR2	activation	PIK3R1
INSRR	activation	PIK3R1
CREB1	activation	CREBBP
CREB1	activation	EP300
IGF1	effect	ERBB2
IGF1	effect	FGFR1
IGF1	effect	FGFR2
IGF1	activation	INSRR
IGF1	effect	INSRR
IGF1	effect	PDGFRA
IGF1	effect	PDGFRB
INS	effect	PDGFRA
PDGFA	effect	EGFR
PDGFA	effect	ERBB2
PDGFA	effect	FGFR1
PDGFA	effect	FGFR2
PDGFA	effect	IGF1R
PDGFA	effect	INSRR
PDGFA	effect	PDGFRA
PDGFC	effect	PDGFRA
TGFA	inhibition	PDGFRA
TGFA	effect	PDGFRA
PDGFD	effect	PDGFRA
GSK3B	inhibition	CREB1
TFG	activation	HRAS
TFG	effect	HRAS
PDGFRA	activation	HRAS
PDGFRA	activation	KRAS
PDGFRA	activation	NRAS
DAPK1	activation	MAPK1
DAPK1	activation	MAPK3
DAPK1	effect	MAPK3
GRB2	activation	GAB2
GAB2	activation	PTPN11
FLT3	activation	SPI1
SPI1	activation	CSF1R
SPI1	activation	CD14
SPI1	activation	ITGAM
SPI1	activation	FCGR1A
RUNX1	activation	CEBPA
RUNX1	activation	SPI1
RUNX1	activation	CSF1R
RUNX1	activation	MPO
RUNX1	activation	CSF2
RUNX1	activation	IL3
RUNX1T1	activation	SPI1
STAT3	activation	PIM2
JUP	activation	TCF7L1
PML	activation	SPI1
PML	effect	SPI1
PML	activation	MYC
PML	effect	MYC
KIT	inhibition	PIK3CA
KIT	effect	PIK3CA
KIT	inhibition	PIK3CB
KIT	effect	PIK3CB
KIT	inhibition	PIK3CD
KIT	activation	STAT3
KIT	activation	STAT5A
KIT	inhibition	STAT5B
CKS1B	effect	SKP2
CKS2	effect	SKP2
MYC	activation	CDK6
MYC	activation	ZBTB17
LAMC3	inhibition	ITGA2B
KRAS	effect	PIK3R1
HES1	activation	MYC
HES5	activation	MYC
HEY1	activation	MYC
HEY2	activation	CCND1
HEY2	activation	CDKN1A
HEY2	activation	MYC
HEY2	activation	NFKB2
HEY2	activation	ERBB2
HEYL	activation	MYC
CDX2	activation	MUC2
CDX2	activation	CDH17
CDX2	activation	REG4
CDX2	activation	ABCB1
CDX2	inhibition	SHH
SIRT6	inhibition	MYC
MYC	activation	GLS2
MYC	activation	GLS
MYC	activation	SLC1A5
MYC	activation	SLC2A2
MYC	activation	SLC2A1
MYC	activation	HK1
MYC	activation	HK2
MYC	activation	HK3
MYC	activation	HKDC1
MYC	activation	PGAM4
MYC	activation	PGAM1
MYC	activation	PGAM2
MYC	activation	PKM
MYC	activation	LDHAL6A
MYC	activation	LDHA
MYC	activation	LDHB
MYC	activation	LDHC
MYC	activation	LDHAL6B
MTOR	activation	SLC7A5
MAPK8	activation	PLA2G4F
MAPK9	activation	PLA2G4F
MAPK10	activation	PLA2G4F
PIK3R1	activation	CHKA
PIK3R1	activation	CHKB
PIK3R1	activation	PLD1
PIK3R1	activation	PLD2
PDGFRA	effect	PIK3CB
PDGFRA	effect	PIK3CD
PDGFRA	effect	PIK3R1
PDGFRA	effect	PIK3R2
PDGFRA	effect	PIK3R3
PDGFRB	inhibition	PIK3R1
PDGFRB	effect	PIK3R1
EGF	inhibition	PDGFRA
EGF	effect	PDGFRA
PDGFA	inhibition	EGFR
PIP5K1B	activation	WAS
IFNGR1	activation	PIK3R1
IFNGR2	activation	PIK3R1
MAP3K3	effect	MAP2K6
PTPN6	inhibition	PIK3R1
PTPN6	effect	PIK3R1
PTPN11	inhibition	PIK3R1
PTPN11	effect	PIK3R1
CD247	activation	PIK3R1
IL23A	inhibition	IL23R
GATA3	activation	IFNG
LOC102723407	activation	HLA-A
LOC102723407	activation	HLA-B
GJA1	activation	GJA1
ITGA2B	activation	ACTB
ITGA2B	activation	ACTG1
ITGA4	activation	ACTB
ITGA4	activation	ACTG1
LAMA1	effect	DAG1
TNNI3	activation	ACTC1
TNNI3	effect	ACTC1
TNNC1	activation	TNNI3
TNNC1	effect	TNNI3
TNNC1	activation	TNNT2
TNNC1	effect	TNNT2
TNNT2	activation	TNNI3
TNNT2	effect	TNNI3
TNNT2	activation	TPM1
TNNT2	effect	TPM1
TNNT2	activation	TPM2
TNNT2	effect	TPM2
TNNT2	activation	TPM3
TNNT2	effect	TPM3
TNNT2	activation	TPM4
TNNT2	effect	TPM4
MYBPC3	activation	MYH6
MYBPC3	effect	MYH6
MYBPC3	activation	MYH7
MYBPC3	effect	MYH7
CAMK2D	activation	RYR2
FYN	activation	CAV1
OLR1	activation	ROCK2
CDC42	activation	MAP2K6
VLDLR	activation	PIK3R1
TNFRSF10B	activation	CASP8
TNFRSF10A	activation	CASP8
OLR1	activation	MAPK8
OLR1	activation	MAPK9
OLR1	activation	MAPK10
OLR1	activation	PRKCA
OLR1	inhibition	BCL2
OLR1	activation	BAX
POU2F3	activation	OLR1
POU2F1	activation	OLR1
POU2F2	activation	OLR1
NFKB1	activation	SELP
RELA	activation	SELP
NFKB1	activation	OLR1
RELA	activation	OLR1
OLR1	activation	CYBB
OLR1	activation	NOX1
OLR1	activation	CYBA
OLR1	activation	NCF1
OLR1	activation	NCF2
OLR1	activation	NCF4
OLR1	activation	RAC1
FOS	activation	VCAM1
FOS	activation	PDGFA
JUN	activation	PDGFA
PIK3CA	activation	ITGA2B
PIK3CA	effect	ITGA2B
PIK3CB	activation	ITGA2B
PIK3CB	effect	ITGA2B
PIK3CD	activation	ITGA2B
PIK3CD	effect	ITGA2B
PIK3R1	activation	ITGA2B
PIK3R1	effect	ITGA2B
PIK3R1	activation	ITGAV
PIK3R1	effect	ITGAV
PIK3R1	activation	ITGB3
PIK3R1	effect	ITGB3
PIK3R2	activation	ITGA2B
PIK3R2	effect	ITGA2B
PIK3R3	activation	ITGA2B
KLF2	activation	TXN
CDH5	activation	PRKAA1
CDH5	activation	PRKAA2
CDH5	activation	PIK3CA
CDH5	activation	PIK3CB
CDH5	activation	PIK3CD
CDH5	activation	PIK3R1
CDH5	activation	PIK3R2
CDH5	activation	PIK3R3
CDH5	activation	ITGAV
CDH5	activation	ITGB3
PECAM1	activation	PIK3CA
PECAM1	activation	PIK3CB
PECAM1	activation	PIK3CD
PECAM1	activation	PIK3R1
PECAM1	activation	PIK3R2
PECAM1	activation	PIK3R3
PECAM1	activation	ITGAV
PECAM1	activation	ITGB3
CTNNB1	activation	PIK3R1
ITGA2B	activation	SRC
MAP3K5	activation	MAP2K6
NFKB1	activation	PDGFA
RELA	activation	PDGFA
GPC1	activation	CAV1
SDC1	activation	NOS3
SDC1	activation	CAV1
SDC1	activation	CAV2
SDC1	activation	CAV3
SDC1	activation	CALML6
SDC1	activation	CALML5
SDC1	activation	CALM1
SDC1	activation	CALM2
SDC1	activation	CALM3
SDC1	activation	CALML3
SDC1	activation	CALML4
SDC1	activation	HSP90AA1
SDC1	activation	HSP90AB1
SDC1	activation	HSP90B1
SDC2	activation	CAV1
SDC4	activation	CAV1
