Kdr	activation	Jak1
Kdr	activation	Jak2
Kdr	activation	Src
Kdr	activation	Gab1
Kdr	activation	Plcg1
Kdr	activation	Plcg2
Kdr	activation	Shc1
Kdr	activation	Shc3
Kdr	activation	Shc2
Kdr	activation	Shc4
Fgfr3	activation	Jak1
Fgfr3	activation	Jak2
Fgfr3	activation	Src
Fgfr3	activation	Gab1
Fgfr3	activation	Plcg1
Fgfr3	activation	Plcg2
Fgfr3	activation	Shc1
Fgfr3	activation	Shc3
Fgfr3	activation	Shc2
Fgfr3	activation	Shc4
Vegfa	inhibition	Kdr
Fgf2	activation	Fgfr3
Mmp2	activation	Hbegf
Mmp9	activation	Hbegf
Hbegf	activation	Hbegf
Hbegf	activation	Egfr
Jag1	activation	Notch4
Jag1	effect	Notch4
Jag2	activation	Notch1
Jag2	effect	Notch1
Jag2	activation	Notch2
Jag2	effect	Notch2
Jag2	activation	Notch3
Jag2	effect	Notch3
Jag2	activation	Notch4
Jag2	effect	Notch4
Dll1	activation	Notch4
Dll1	effect	Notch4
Dll3	activation	Notch4
Dll3	effect	Notch4
Dll4	activation	Notch1
Dll4	effect	Notch1
Dll4	activation	Notch2
Dll4	effect	Notch2
Dll4	activation	Notch3
Dll4	effect	Notch3
Dll4	activation	Notch4
Dll4	effect	Notch4
Pabpc6	activation	Btg2
Pabpc5	activation	Btg2
Ppara	activation	Apoa2
Rxra	activation	Apoa2
Rxrb	activation	Apoa2
Rxrg	activation	Apoa2
Hes1	activation	Fanci
Hes1	activation	Fancd2
Dusp7	activation	Mapk1
Dusp7	activation	Mapk3
Dusp7	activation	Mapk10
Dusp7	activation	Mapk8
Dusp7	activation	Mapk9
Dusp7	activation	Mapk11
Dusp7	activation	Mapk13
Dusp7	activation	Mapk14
Dusp7	activation	Mapk12
Mapk1	activation	Mknk1
Mapk3	effect	Mknk1
Gng12	effect	Rasa2
Grb2	effect	Fgfr3
Grb2	effect	Flt1
Grb2	effect	Kdr
Grb2	effect	Kit
Grb2	effect	Ntrk1
Grb2	effect	Ntrk2
Grb2	effect	Ret
Grb2	effect	Tek
Rps6ka5	inhibition	Atf4
Rps6ka5	effect	Atf4
Mapk11	inhibition	Mef2c
Mapk11	effect	Mef2c
Mapk11	inhibition	Rps6ka5
Mapk11	effect	Rps6ka5
Mapk13	inhibition	Mef2c
Mapk13	effect	Mef2c
Mapk13	inhibition	Rps6ka5
Mapk14	inhibition	Mef2c
Mecom	activation	Mapk10
Mecom	activation	Mapk8
Mecom	activation	Mapk9
Mknk1	activation	Atf4
Angpt1	activation	Csf1r
Angpt1	activation	Egfr
Angpt1	activation	Epha2
Angpt1	activation	Erbb2
Angpt1	activation	Erbb3
Angpt1	activation	Erbb4
Angpt1	activation	Fgfr1
Angpt1	activation	Fgfr2
Angpt1	activation	Fgfr3
Angpt1	activation	Fgfr4
Angpt1	activation	Flt1
Angpt1	activation	Flt3
Angpt1	activation	Flt4
Angpt1	activation	Igf1r
Angpt1	activation	Insr
Angpt1	activation	Kdr
Angpt1	activation	Kit
Angpt1	activation	Met
Angpt1	activation	Ngfr
Angpt1	activation	Ntrk1
Angpt1	activation	Ntrk2
Angpt1	activation	Pdgfra
Angpt1	activation	Pdgfrb
Angpt1	activation	Ret
Angpt1	activation	Tek
Angpt2	activation	Fgfr3
Angpt2	activation	Flt1
Angpt2	activation	Kdr
Angpt2	activation	Kit
Angpt2	activation	Ntrk1
Angpt2	activation	Ntrk2
Angpt2	activation	Ret
Angpt2	activation	Tek
Angpt4	activation	Fgfr3
Angpt4	activation	Flt1
Angpt4	activation	Kdr
Angpt4	activation	Kit
Angpt4	activation	Ntrk1
Angpt4	activation	Ntrk2
Angpt4	activation	Ret
Angpt4	activation	Tek
Areg	activation	Fgfr3
Areg	activation	Flt1
Areg	activation	Kdr
Areg	activation	Kit
Areg	activation	Ntrk1
Areg	activation	Ntrk2
Areg	activation	Ret
Areg	activation	Tek
Artn	activation	Fgfr3
Artn	activation	Flt1
Artn	activation	Kdr
Artn	activation	Kit
Artn	activation	Ntrk1
Artn	activation	Ntrk2
Artn	activation	Ret
Artn	activation	Tek
Bdnf	activation	Fgfr3
Bdnf	activation	Flt1
Bdnf	activation	Kdr
Bdnf	activation	Kit
Bdnf	activation	Ntrk1
Bdnf	activation	Ntrk2
Bdnf	activation	Ret
Bdnf	activation	Tek
Csf1	activation	Fgfr3
Csf1	activation	Flt1
Csf1	activation	Kdr
Csf1	activation	Kit
Csf1	activation	Ntrk1
Csf1	activation	Ntrk2
Csf1	activation	Ret
Csf1	activation	Tek
Efna1	activation	Fgfr3
Efna1	activation	Flt1
Efna1	activation	Kdr
Efna1	activation	Kit
Efna1	activation	Ntrk1
Efna1	activation	Ntrk2
Efna1	activation	Ret
Efna1	activation	Tek
Efna2	activation	Fgfr3
Efna2	activation	Flt1
Efna2	activation	Kdr
Efna2	activation	Kit
Efna2	activation	Ntrk1
Efna2	activation	Ntrk2
Efna2	activation	Ret
Efna2	activation	Tek
Efna3	activation	Fgfr3
Efna3	activation	Flt1
Efna3	activation	Kdr
Efna3	activation	Kit
Efna3	activation	Ntrk1
Efna3	activation	Ntrk2
Efna3	activation	Ret
Efna3	activation	Tek
Efna4	activation	Fgfr3
Efna4	activation	Flt1
Efna4	activation	Kdr
Efna4	activation	Kit
Efna4	activation	Ntrk1
Efna4	activation	Ntrk2
Efna4	activation	Ret
Efna4	activation	Tek
Efna5	activation	Fgfr3
Efna5	activation	Flt1
Efna5	activation	Kdr
Efna5	activation	Kit
Efna5	activation	Ntrk1
Efna5	activation	Ntrk2
Efna5	activation	Ret
Efna5	activation	Tek
Egf	activation	Fgfr3
Egf	activation	Flt1
Egf	activation	Kdr
Egf	activation	Kit
Egf	activation	Ntrk1
Egf	activation	Ntrk2
Egf	activation	Ret
Egf	activation	Tek
Ereg	activation	Fgfr3
Ereg	activation	Flt1
Ereg	activation	Kdr
Ereg	activation	Kit
Ereg	activation	Ntrk1
Ereg	activation	Ntrk2
Ereg	activation	Ret
Ereg	activation	Tek
Fgf1	activation	Fgfr3
Fgf1	activation	Flt1
Fgf1	activation	Kdr
Fgf1	activation	Kit
Fgf1	activation	Ntrk1
Fgf1	activation	Ntrk2
Fgf1	activation	Ret
Fgf1	activation	Tek
Fgf10	activation	Csf1r
Fgf10	activation	Egfr
Fgf10	activation	Epha2
Fgf10	activation	Erbb2
Fgf10	activation	Erbb3
Fgf10	activation	Erbb4
Fgf10	activation	Fgfr1
Fgf10	activation	Fgfr2
Fgf10	activation	Fgfr3
Fgf10	activation	Fgfr4
Fgf10	activation	Flt1
Fgf10	activation	Flt3
Fgf10	activation	Flt4
Fgf10	activation	Igf1r
Fgf10	activation	Insr
Fgf10	activation	Kdr
Fgf10	activation	Kit
Fgf10	activation	Met
Fgf10	activation	Ngfr
Fgf10	activation	Ntrk1
Fgf10	activation	Ntrk2
Fgf10	activation	Pdgfra
Fgf10	activation	Pdgfrb
Fgf10	activation	Ret
Fgf10	activation	Tek
Fgf15	activation	Csf1r
Fgf15	activation	Egfr
Fgf15	activation	Epha2
Fgf15	activation	Erbb2
Fgf15	activation	Erbb3
Fgf15	activation	Erbb4
Fgf15	activation	Fgfr1
Fgf15	activation	Fgfr2
Fgf15	activation	Fgfr3
Fgf15	activation	Fgfr4
Fgf15	activation	Flt1
Fgf15	activation	Flt3
Fgf15	activation	Flt4
Fgf15	activation	Igf1r
Fgf15	activation	Insr
Fgf15	activation	Kdr
Fgf15	activation	Kit
Fgf15	activation	Met
Fgf15	activation	Ngfr
Fgf15	activation	Ntrk1
Fgf15	activation	Ntrk2
Fgf15	activation	Pdgfra
Fgf15	activation	Pdgfrb
Fgf15	activation	Ret
Fgf15	activation	Tek
Fgf17	activation	Csf1r
Fgf17	activation	Egfr
Fgf17	activation	Epha2
Fgf17	activation	Erbb2
Fgf17	activation	Erbb3
Fgf17	activation	Erbb4
Fgf17	activation	Fgfr1
Fgf17	activation	Fgfr2
Fgf17	activation	Fgfr3
Fgf17	activation	Fgfr4
Fgf17	activation	Flt1
Fgf17	activation	Flt3
Fgf17	activation	Flt4
Fgf17	activation	Igf1r
Fgf17	activation	Insr
Fgf17	activation	Kdr
Fgf17	activation	Kit
Fgf17	activation	Met
Fgf17	activation	Ngfr
Fgf17	activation	Ntrk1
Fgf17	activation	Ntrk2
Fgf17	activation	Pdgfra
Fgf17	activation	Pdgfrb
Fgf17	activation	Ret
Fgf17	activation	Tek
Fgf18	activation	Fgfr3
Fgf18	activation	Flt1
Fgf18	activation	Kdr
Fgf18	activation	Kit
Fgf18	activation	Ntrk1
Fgf18	activation	Ntrk2
Fgf18	activation	Ret
Fgf18	activation	Tek
Fgf2	activation	Flt1
Fgf2	activation	Kdr
Fgf2	activation	Kit
Fgf2	activation	Ntrk1
Fgf2	activation	Ntrk2
Fgf2	activation	Ret
Fgf2	activation	Tek
Fgf3	activation	Fgfr3
Fgf3	activation	Flt1
Fgf3	activation	Kdr
Fgf3	activation	Kit
Fgf3	activation	Ntrk1
Fgf3	activation	Ntrk2
Fgf3	activation	Ret
Fgf3	activation	Tek
Fgf4	activation	Csf1r
Fgf4	activation	Egfr
Fgf4	activation	Epha2
Fgf4	activation	Erbb2
Fgf4	activation	Erbb3
Fgf4	activation	Erbb4
Fgf4	activation	Fgfr1
Fgf4	activation	Fgfr2
Fgf4	activation	Fgfr3
Fgf4	activation	Fgfr4
Fgf4	activation	Flt1
Fgf4	activation	Flt3
Fgf4	activation	Flt4
Fgf4	activation	Igf1r
Fgf4	activation	Insr
Fgf4	activation	Kdr
Fgf4	activation	Kit
Fgf4	activation	Met
Fgf4	activation	Ngfr
Fgf4	activation	Ntrk1
Fgf4	activation	Ntrk2
Fgf4	activation	Pdgfra
Fgf4	activation	Pdgfrb
Fgf4	activation	Ret
Fgf4	activation	Tek
Fgf5	activation	Csf1r
Fgf5	activation	Egfr
Fgf5	activation	Epha2
Fgf5	activation	Erbb2
Fgf5	activation	Erbb3
Fgf5	activation	Erbb4
Fgf5	activation	Fgfr1
Fgf5	activation	Fgfr2
Fgf5	activation	Fgfr3
Fgf5	activation	Fgfr4
Fgf5	activation	Flt1
Fgf5	activation	Flt3
Fgf5	activation	Flt4
Fgf5	activation	Igf1r
Fgf5	activation	Insr
Fgf5	activation	Kdr
Fgf5	activation	Kit
Fgf5	activation	Met
Fgf5	activation	Ngfr
Fgf5	activation	Ntrk1
Fgf5	activation	Ntrk2
Fgf5	activation	Pdgfra
Fgf5	activation	Pdgfrb
Fgf5	activation	Ret
Fgf5	activation	Tek
Fgf6	activation	Fgfr3
Fgf6	activation	Flt1
Fgf6	activation	Kdr
Fgf6	activation	Kit
Fgf6	activation	Ntrk1
Fgf6	activation	Ntrk2
Fgf6	activation	Ret
Fgf6	activation	Tek
Fgf7	activation	Fgfr3
Fgf7	activation	Flt1
Fgf7	activation	Kdr
Fgf7	activation	Kit
Fgf7	activation	Ntrk1
Fgf7	activation	Ntrk2
Fgf7	activation	Ret
Fgf7	activation	Tek
Fgf8	activation	Csf1r
Fgf8	activation	Egfr
Fgf8	activation	Epha2
Fgf8	activation	Erbb2
Fgf8	activation	Erbb3
Fgf8	activation	Erbb4
Fgf8	activation	Fgfr1
Fgf8	activation	Fgfr2
Fgf8	activation	Fgfr3
Fgf8	activation	Fgfr4
Fgf8	activation	Flt1
Fgf8	activation	Flt3
Fgf8	activation	Flt4
Fgf8	activation	Igf1r
Fgf8	activation	Insr
Fgf8	activation	Kdr
Fgf8	activation	Kit
Fgf8	activation	Met
Fgf8	activation	Ngfr
Fgf8	activation	Ntrk1
Fgf8	activation	Ntrk2
Fgf8	activation	Pdgfra
Fgf8	activation	Pdgfrb
Fgf8	activation	Ret
Fgf8	activation	Tek
Fgf9	activation	Fgfr3
Fgf9	activation	Flt1
Fgf9	activation	Kdr
Fgf9	activation	Kit
Fgf9	activation	Ntrk1
Fgf9	activation	Ntrk2
Fgf9	activation	Ret
Fgf9	activation	Tek
Vegfd	activation	Fgfr3
Vegfd	activation	Flt1
Vegfd	activation	Kdr
Vegfd	activation	Kit
Vegfd	activation	Ntrk1
Vegfd	activation	Ntrk2
Vegfd	activation	Ret
Vegfd	activation	Tek
Flt3l	activation	Fgfr3
Flt3l	activation	Flt1
Flt3l	activation	Kdr
Flt3l	activation	Kit
Flt3l	activation	Ntrk1
Flt3l	activation	Ntrk2
Flt3l	activation	Ret
Flt3l	activation	Tek
Gdnf	activation	Fgfr3
Gdnf	activation	Flt1
Gdnf	activation	Kdr
Gdnf	activation	Kit
Gdnf	activation	Ntrk1
Gdnf	activation	Ntrk2
Gdnf	activation	Ret
Gdnf	activation	Tek
Hgf	activation	Fgfr3
Hgf	activation	Flt1
Hgf	activation	Kdr
Hgf	activation	Kit
Hgf	activation	Ntrk1
Hgf	activation	Ntrk2
Hgf	activation	Ret
Hgf	activation	Tek
Igf1	activation	Fgfr3
Igf1	activation	Flt1
Igf1	activation	Kdr
Igf1	activation	Kit
Igf1	activation	Ntrk1
Igf1	activation	Ntrk2
Igf1	activation	Ret
Igf1	activation	Tek
Igf2	activation	Fgfr3
Igf2	activation	Flt1
Igf2	activation	Kdr
Igf2	activation	Kit
Igf2	activation	Ntrk1
Igf2	activation	Ntrk2
Igf2	activation	Ret
Igf2	activation	Tek
Ins1	activation	Fgfr3
Ins1	activation	Flt1
Ins1	activation	Kdr
Ins1	activation	Kit
Ins1	activation	Ntrk1
Ins1	activation	Ntrk2
Ins1	activation	Ret
Ins1	activation	Tek
Ins2	activation	Fgfr3
Ins2	activation	Flt1
Ins2	activation	Kdr
Ins2	activation	Kit
Ins2	activation	Ntrk1
Ins2	activation	Ntrk2
Ins2	activation	Ret
Ins2	activation	Tek
Kitl	activation	Fgfr3
Kitl	activation	Flt1
Kitl	activation	Kdr
Kitl	activation	Kit
Kitl	activation	Ntrk1
Kitl	activation	Ntrk2
Kitl	activation	Ret
Kitl	activation	Tek
Klk1b4	activation	Fgfr3
Klk1b4	activation	Flt1
Klk1b4	activation	Kdr
Klk1b4	activation	Kit
Klk1b4	activation	Ntrk1
Klk1b4	activation	Ntrk2
Klk1b4	activation	Ret
Klk1b4	activation	Tek
Ngf	activation	Fgfr3
Ngf	activation	Flt1
Ngf	activation	Kdr
Ngf	activation	Kit
Ngf	activation	Ntrk1
Ngf	activation	Ntrk2
Ngf	activation	Ret
Ngf	activation	Tek
Nrtn	activation	Fgfr3
Nrtn	activation	Flt1
Nrtn	activation	Kdr
Nrtn	activation	Kit
Nrtn	activation	Ntrk1
Nrtn	activation	Ntrk2
Nrtn	activation	Ret
Nrtn	activation	Tek
Ntf3	activation	Fgfr3
Ntf3	activation	Flt1
Ntf3	activation	Kdr
Ntf3	activation	Kit
Ntf3	activation	Ntrk1
Ntf3	activation	Ntrk2
Ntf3	activation	Ret
Ntf3	activation	Tek
Pdgfa	activation	Fgfr3
Pdgfa	activation	Flt1
Pdgfa	activation	Kdr
Pdgfa	activation	Kit
Pdgfa	activation	Ntrk1
Pdgfa	activation	Ntrk2
Pdgfa	activation	Ret
Pdgfa	activation	Tek
Pdgfb	activation	Fgfr3
Pdgfb	activation	Flt1
Pdgfb	activation	Kdr
Pdgfb	activation	Kit
Pdgfb	activation	Ntrk1
Pdgfb	activation	Ntrk2
Pdgfb	activation	Ret
Pdgfb	activation	Tek
Pgf	activation	Fgfr3
Pgf	activation	Flt1
Pgf	activation	Kdr
Pgf	activation	Kit
Pgf	activation	Ntrk1
Pgf	activation	Ntrk2
Pgf	activation	Ret
Pgf	activation	Tek
Pspn	activation	Fgfr3
Pspn	activation	Flt1
Pspn	activation	Kdr
Pspn	activation	Kit
Pspn	activation	Ntrk1
Pspn	activation	Ntrk2
Pspn	activation	Ret
Pspn	activation	Tek
Tgfa	activation	Fgfr3
Tgfa	activation	Flt1
Tgfa	activation	Kdr
Tgfa	activation	Kit
Tgfa	activation	Ntrk1
Tgfa	activation	Ntrk2
Tgfa	activation	Ret
Tgfa	activation	Tek
Vegfa	activation	Fgfr3
Vegfa	activation	Flt1
Vegfa	activation	Kdr
Vegfa	activation	Kit
Vegfa	activation	Ntrk1
Vegfa	activation	Ntrk2
Vegfa	activation	Ret
Vegfa	activation	Tek
Vegfb	activation	Fgfr3
Vegfb	activation	Flt1
Vegfb	activation	Kdr
Vegfb	activation	Kit
Vegfb	activation	Ntrk1
Vegfb	activation	Ntrk2
Vegfb	activation	Ret
Vegfb	activation	Tek
Vegfc	activation	Csf1r
Vegfc	activation	Egfr
Vegfc	activation	Epha2
Vegfc	activation	Erbb2
Vegfc	activation	Erbb3
Vegfc	activation	Erbb4
Vegfc	activation	Fgfr1
Vegfc	activation	Fgfr2
Vegfc	activation	Fgfr3
Vegfc	activation	Fgfr4
Vegfc	activation	Flt1
Vegfc	activation	Flt3
Vegfc	activation	Flt4
Vegfc	activation	Igf1r
Vegfc	activation	Insr
Vegfc	activation	Kdr
Vegfc	activation	Kit
Vegfc	activation	Met
Vegfc	activation	Ngfr
Vegfc	activation	Ntrk1
Vegfc	activation	Ntrk2
Vegfc	activation	Pdgfra
Vegfc	activation	Pdgfrb
Vegfc	activation	Ret
Vegfc	activation	Tek
Pdgfc	activation	Fgfr3
Pdgfc	activation	Flt1
Pdgfc	activation	Kdr
Pdgfc	activation	Kit
Pdgfc	activation	Ntrk1
Pdgfc	activation	Ntrk2
Pdgfc	activation	Ret
Pdgfc	activation	Tek
Fgf21	activation	Fgfr3
Fgf21	activation	Flt1
Fgf21	activation	Kdr
Fgf21	activation	Kit
Fgf21	activation	Ntrk1
Fgf21	activation	Ntrk2
Fgf21	activation	Ret
Fgf21	activation	Tek
Fgf23	activation	Fgfr3
Fgf23	activation	Flt1
Fgf23	activation	Kdr
Fgf23	activation	Kit
Fgf23	activation	Ntrk1
Fgf23	activation	Ntrk2
Fgf23	activation	Ret
Fgf23	activation	Tek
Fgf22	activation	Fgfr3
Fgf22	activation	Flt1
Fgf22	activation	Kdr
Fgf22	activation	Kit
Fgf22	activation	Ntrk1
Fgf22	activation	Ntrk2
Fgf22	activation	Ret
Fgf22	activation	Tek
Pdgfd	activation	Fgfr3
Pdgfd	activation	Flt1
Pdgfd	activation	Kdr
Pdgfd	activation	Kit
Pdgfd	activation	Ntrk1
Pdgfd	activation	Ntrk2
Pdgfd	activation	Ret
Pdgfd	activation	Tek
Ntf5	activation	Fgfr3
Ntf5	activation	Flt1
Ntf5	activation	Kdr
Ntf5	activation	Kit
Ntf5	activation	Ntrk1
Ntf5	activation	Ntrk2
Ntf5	activation	Ret
Ntf5	activation	Tek
Fgf20	activation	Fgfr3
Fgf20	activation	Flt1
Fgf20	activation	Kdr
Fgf20	activation	Kit
Fgf20	activation	Ntrk1
Fgf20	activation	Ntrk2
Fgf20	activation	Ret
Fgf20	activation	Tek
Fgf16	activation	Fgfr3
Fgf16	activation	Flt1
Fgf16	effect	Flt1
Fgf16	activation	Kdr
Fgf16	effect	Kdr
Fgf16	activation	Kit
Fgf16	effect	Kit
Fgf16	activation	Ntrk1
Fgf16	effect	Ntrk1
Hbegf	effect	Egfr
Hbegf	activation	Erbb4
Hbegf	effect	Erbb4
Fgf16	activation	Ntrk2
Fgf16	activation	Tek
Flt1	activation	Shc1
Kit	activation	Shc1
Ntrk1	activation	Shc1
Ntrk2	activation	Shc1
Tek	activation	Shc1
Flt1	activation	Shc3
Kit	activation	Shc3
Ntrk1	activation	Shc3
Ntrk2	activation	Shc3
Tek	activation	Shc3
Flt1	activation	Shc2
Kit	activation	Shc2
Ntrk1	activation	Shc2
Ntrk2	activation	Shc2
Tek	activation	Shc2
Flt1	activation	Shc4
Kit	activation	Shc4
Ntrk1	activation	Shc4
Ntrk2	activation	Shc4
Tek	activation	Shc4
Htr7	activation	Gng12
Gng12	activation	Rasgrf1
Gng12	activation	Rasgrf2
Fgfr3	activation	Plcb1
Fgfr3	activation	Plcb2
Fgfr3	activation	Plcb3
Fgfr3	activation	Plcb4
Fgfr3	activation	Crk
Fgfr3	activation	Crkl
Flt1	activation	Plcb1
Flt1	activation	Plcb2
Flt1	activation	Plcb3
Flt1	activation	Plcb4
Flt1	activation	Crk
Flt1	activation	Crkl
Kdr	activation	Plcb1
Kdr	activation	Plcb2
Kdr	activation	Plcb3
Kdr	activation	Plcb4
Kdr	activation	Crk
Kdr	activation	Crkl
Kit	activation	Plcb1
Kit	activation	Plcb2
Kit	activation	Plcb3
Kit	activation	Plcb4
Kit	activation	Crk
Kit	activation	Crkl
Tek	activation	Plcb1
Tek	activation	Plcb2
Tek	activation	Plcb3
Tek	activation	Plcb4
Tek	activation	Crk
Tek	activation	Crkl
Tln1	activation	Itga2b
Tln1	activation	Itgb3
Tln2	activation	Itga2b
Tln2	activation	Itgb3
Id1	activation	Thbs1
Cacna1c	activation	Ryr2
Cacna1d	activation	Ryr2
Cacna1s	activation	Ryr2
Cacna1f	activation	Ryr2
Cxcr4	activation	Gna11
Cxcr4	activation	Gna14
Cxcr4	activation	Gna15
Cxcr4	activation	Gnaq
Ednra	activation	Gna11
Ednra	activation	Gna14
Ednra	activation	Gna15
Ednra	activation	Gnaq
Htr2c	activation	Gna11
Htr2c	activation	Gna14
Htr2c	activation	Gna15
Htr2c	activation	Gnaq
Calm1	activation	Mylk
Calm2	activation	Mylk
Casq1	activation	Ryr2
Casq2	activation	Ryr2
Egf	activation	Ntrk3
Fgf1	activation	Ntrk3
Fgf10	activation	Ntrk3
Fgf10	activation	Mst1r
Fgf15	activation	Ntrk3
Fgf15	activation	Mst1r
Fgf17	activation	Ntrk3
Fgf17	activation	Mst1r
Fgf18	activation	Ntrk3
Fgf2	activation	Ntrk3
Fgf3	activation	Ntrk3
Fgf4	activation	Ntrk3
Fgf4	activation	Mst1r
Fgf5	activation	Ntrk3
Fgf5	activation	Mst1r
Fgf6	activation	Ntrk3
Fgf7	activation	Ntrk3
Fgf8	activation	Ntrk3
Fgf8	activation	Mst1r
Fgf9	activation	Ntrk3
Vegfd	activation	Ntrk3
Gdnf	activation	Ntrk3
Hgf	activation	Ntrk3
Mst1	activation	Fgfr3
Mst1	activation	Flt1
Mst1	activation	Kdr
Mst1	activation	Ntrk1
Mst1	activation	Ntrk2
Mst1	activation	Ntrk3
Mst1	activation	Ret
Klk1b4	activation	Ntrk3
Ngf	activation	Ntrk3
Pdgfa	activation	Ntrk3
Pdgfb	activation	Ntrk3
Tgfa	activation	Ntrk3
Vegfa	activation	Ntrk3
Vegfb	activation	Ntrk3
Vegfc	activation	Ntrk3
Vegfc	activation	Mst1r
Pdgfc	activation	Ntrk3
Fgf21	activation	Ntrk3
Fgf23	activation	Ntrk3
Fgf22	activation	Ntrk3
Pdgfd	inhibition	Fgfr3
Pdgfd	inhibition	Flt1
Pdgfd	inhibition	Kdr
Pdgfd	inhibition	Ntrk1
Pdgfd	inhibition	Ntrk2
Pdgfd	activation	Ntrk3
Fgf20	effect	Flt1
Fgf20	effect	Kdr
Fgf20	effect	Ntrk1
Fgf20	effect	Ntrk2
Fgf20	activation	Ntrk3
Fgf20	effect	Ntrk3
Fgf20	effect	Ret
Fgf16	effect	Fgfr3
Ednra	activation	Gna12
Ednra	activation	Gna13
Ednra	activation	Trpc6
Nfatc1	activation	Mef2c
Nfatc1	effect	Mef2c
Nfatc1	activation	Gata4
Nfatc1	effect	Gata4
Nfatc2	activation	Mef2c
Nfatc2	effect	Mef2c
Nfatc2	inhibition	Gata4
Nfatc2	effect	Gata4
Nfatc3	inhibition	Mef2c
Nfatc3	effect	Mef2c
Nfatc3	inhibition	Gata4
Nfatc3	effect	Gata4
Nfatc4	inhibition	Mef2c
Nfatc4	effect	Mef2c
Nfatc4	inhibition	Gata4
Nfatc4	effect	Gata4
Mylk	inhibition	Myl9
Mylk	effect	Myl9
Calm1	effect	Mylk
Calm2	effect	Mylk
Calm3	activation	Mylk
Calm3	effect	Mylk
Calm5	activation	Mylk
Calm5	effect	Mylk
Calml3	activation	Mylk
Calml3	effect	Mylk
Ednra	activation	Gnai1
Ednra	activation	Gnai2
Ednra	activation	Gnai3
Prkaca	activation	Sox9
Prkaca	activation	Ryr2
Prkacb	activation	Sox9
Prkacb	activation	Ryr2
Vipr2	activation	Gnas
Gli3	activation	Ptch1
Gli3	activation	Hhip
Sox9	activation	Amh
Npy	inhibition	Ednra
Ghrl	inhibition	Ednra
Cga	activation	Vipr2
Fshb	activation	Vipr2
Oxt	activation	Ednra
Pomc	activation	Vipr2
Gip	activation	Vipr2
Nppa	activation	Vipr2
Edn1	activation	Ednra
Edn2	activation	Ednra
Edn3	activation	Ednra
Sst	activation	Ednra
Gcg	activation	Vipr2
Adcyap1	activation	Vipr2
Vip	activation	Vipr2
Tshb	activation	Vipr2
Lhb	activation	Vipr2
Crh	activation	Vipr2
Gphb5	activation	Vipr2
Gphb5	effect	Vipr2
Popdc2	activation	Kcnk2
Popdc2	effect	Kcnk2
Gdf5	activation	Bmpr1a
Bmp7	activation	Bmpr1a
Bmp2	activation	Bmpr1a
Amh	activation	Bmpr1a
Inhbb	activation	Acvr1b
Inhba	activation	Acvr1b
Tgfb3	activation	Acvrl1
Tgfb2	activation	Tgfbr1
Tgfb2	activation	Tgfbr2
Cd70	activation	Cd27
Thpo	activation	Mpl
Il23a	activation	Il12rb1
Il23a	activation	Il23r
Ctf1	activation	Lifr
Ctf2	activation	Lifr
Clcf1	activation	Lifr
Cntf	activation	Lifr
Lif	activation	Lifr
Osm	activation	Lifr
Pf4	activation	Cxcr3
Cxcl12	activation	Cxcr4
Ppbp	activation	Cxcr2
Gdf1	activation	Acvr1b
Gdf3	activation	Acvr1b
Gdf3	activation	Acvr1c
Gdf3	activation	Acvr2a
Gdf3	activation	Acvr2b
Nodal	activation	Acvr1b
Gdf7	activation	Bmpr1a
Bmp5	activation	Bmpr1a
Bmp6	activation	Bmpr1a
Bmp8a	activation	Bmpr1a
Bmp8b	activation	Acvr1
Bmp8b	activation	Bmpr1a
Bmp8b	activation	Bmpr1b
Bmp8b	activation	Acvr2a
Bmp8b	activation	Acvr2b
Bmp8b	activation	Bmpr2
Pf4	activation	Cxcr5
Ppbp	activation	Cxcr5
Pf4	activation	Ccr6
Ppbp	activation	Ccr6
Pf4	activation	Cxcr2
Ppbp	activation	Cxcr3
Gm13306	activation	Cxcr4
Ccl27b	activation	Cxcr4
Gm20878	activation	Cxcr4
Ccl21b	activation	Cxcr4
Gm10591	activation	Cxcr4
Gm13304	activation	Cxcr4
Ccl21d	activation	Cxcr4
Gm21586	activation	Cxcr4
Cxcl1	activation	Cxcr4
Cxcl10	activation	Cxcr4
Xcl1	activation	Cxcr4
Cxcl9	activation	Cxcr4
Ccl21a	activation	Cxcr4
Ccl1	activation	Cxcr4
Ccl11	activation	Cxcr4
Ccl12	activation	Cxcr4
Ccl17	activation	Cxcr4
Ccl2	activation	Cxcr4
Ccl20	activation	Cxcr4
Ccl22	activation	Cxcr4
Ccl25	activation	Cxcr4
Ccl27a	activation	Cxcr4
Ccl3	activation	Cxcr4
Ccl4	activation	Cxcr4
Ccl5	activation	Cxcr4
Ccl6	activation	Cxcr4
Ccl7	activation	Cxcr4
Ccl8	activation	Cxcr4
Ccl9	activation	Cxcr4
Cxcl15	activation	Cxcr4
Cxcl2	activation	Cxcr4
Cxcl5	activation	Cxcr4
Cx3cl1	activation	Cxcr4
Ccl19	activation	Cxcr4
Cxcl3	activation	Cxcr4
Ccl26	activation	Cxcr4
Cxcl13	activation	Cxcr4
Cxcl11	activation	Cxcr4
Ccl24	activation	Cxcr4
Pf4	activation	Cxcr4
Ccl28	activation	Cxcr4
Cxcl14	activation	Cxcr4
Ppbp	activation	Cxcr4
Gm21953	activation	Cxcr4
Cxcl16	activation	Cxcr4
Pf4	activation	Ccr1
Ppbp	activation	Ccr1
Pf4	activation	Ccr9
Ppbp	activation	Ccr9
Pf4	activation	Ccr1l1
Ppbp	activation	Ccr1l1
Pf4	activation	Ccr3
Ppbp	activation	Ccr3
Pf4	activation	Ccr2
Ppbp	activation	Ccr2
Pf4	activation	Ccr4
Ppbp	activation	Ccr4
Pf4	activation	Ccr5
Ppbp	activation	Ccr5
Pf4	activation	Ccr7
Ppbp	activation	Ccr7
Pf4	activation	Ccr8
Ppbp	activation	Ccr8
Pf4	activation	Ccr10
Ppbp	activation	Ccr10
Pf4	activation	Cx3cr1
Ppbp	activation	Cx3cr1
Pf4	activation	Cxcr1
Ppbp	activation	Cxcr1
Pf4	activation	Xcr1
Ppbp	activation	Xcr1
Pf4	activation	Cxcr6
Ppbp	activation	Cxcr6
Cxcr4	activation	Jak2
Cxcr4	activation	Jak3
Cxcr4	activation	Gnai1
Cxcr4	activation	Gnai2
Cxcr4	activation	Gnai3
Gng12	activation	Prex1
Gng12	activation	Pik3ca
Gng12	activation	Pik3cd
Gng12	activation	Pik3r1
Gng12	activation	Pik3r2
Gng12	activation	Pik3r3
Gng12	activation	Pik3cb
Gng12	activation	Plcb1
Gng12	activation	Plcb2
Gng12	activation	Plcb3
Gng12	activation	Plcb4
Gng12	activation	Plcg1
Gng12	activation	Plcg2
Grk2	effect	Cxcr4
Grk4	effect	Cxcr4
Grk5	effect	Cxcr4
Grk1	effect	Cxcr4
Grk6	effect	Cxcr4
Grk3	effect	Cxcr4
Nfkb1	activation	Gadd45g
Nfkb1	activation	Vcam1
Rela	activation	Gadd45g
Rela	activation	Vcam1
Arnt	activation	Flt1
Arnt	activation	Angpt1
Arnt	activation	Tek
Crebbp	activation	Flt1
Crebbp	activation	Angpt1
Crebbp	activation	Tek
Ep300	inhibition	Flt1
Ep300	effect	Flt1
Ep300	activation	Angpt1
Ep300	activation	Tek
Hif1a	inhibition	Flt1
Hif1a	effect	Flt1
Hif1a	activation	Angpt1
Hif1a	activation	Tek
Mapk3	activation	Mknk1
Mknk1	activation	Eif4e
Mknk1	activation	Eif4e1b
Mknk1	activation	Eif4e2
Foxo6	activation	Ccnd2
Foxo6	activation	Gadd45g
Foxo6	activation	Gabarapl1
Foxo4	inhibition	Ccnd2
Foxo4	effect	Ccnd2
Foxo4	inhibition	Gadd45g
Foxo4	effect	Gadd45g
Foxo4	inhibition	Gabarapl1
Foxo4	effect	Gabarapl1
Foxo1	activation	Ccnd2
Foxo1	effect	Ccnd2
Foxo1	activation	Gadd45g
Foxo1	effect	Gadd45g
Foxo1	activation	Gabarapl1
Foxo3	activation	Ccnd2
Foxo3	effect	Ccnd2
Foxo3	activation	Gadd45g
Foxo3	effect	Gadd45g
Foxo3	inhibition	Gabarapl1
Foxo3	effect	Gabarapl1
Tgfb2	inhibition	Tgfbr1
Tgfb2	inhibition	Tgfbr2
Kit	activation	Grb2
Kit	activation	Gab1
Kit	activation	Gab2
Kit	activation	Ptpn11
Kit	activation	Pik3ca
Kit	activation	Pik3cd
Kit	activation	Pik3r1
Kit	activation	Pik3r2
Kit	activation	Pik3r3
Kit	activation	Pik3cb
Adm	activation	Calcrl
Calcb	activation	Calcrl
Calca	activation	Calcrl
Iapp	activation	Calcrl
Adm2	activation	Calcrl
Pth2	activation	Pth2r
Pth	activation	Pth2r
Vip	activation	Vipr1
Lypd6	activation	Chrnb4
Lypd6	activation	Chrnb3
Lypd6	activation	Chrna3
Lypd6	activation	Chrna5
Lypd6	activation	Chrna2
Lypd6	activation	Chrna1
Lypd6	activation	Chrna4
Lypd6	activation	Chrna6
Lypd6	activation	Chrna7
Lypd6	activation	Chrnb1
Lypd6	activation	Chrnb2
Lypd6	activation	Chrnd
Lypd6	activation	Chrne
Lypd6	activation	Chrng
Lypd6	activation	Chrna9
Lypd6	activation	Chrna10
Gsk3b	inhibition	Ccnd2
Gsk3b	effect	Ccnd2
Trp53	activation	Gadd45g
Gadd45g	activation	Pcna
Gadd45g	inhibition	Ccnb2
Gadd45g	inhibition	Ccnb3
Gadd45g	inhibition	Ccnb1
Tgfb2	activation	Smad2
Tgfb2	activation	Smad3
Cdk2	inhibition	Cdkn1c
Cdk2	effect	Cdkn1c
Ccne1	inhibition	Cdkn1c
Ccne1	effect	Cdkn1c
Ccne2	inhibition	Cdkn1c
Ccne2	effect	Cdkn1c
Cdkn1c	inhibition	Cdk2
Cdkn1c	inhibition	Ccna1
Cdkn1c	inhibition	Ccna2
Cdkn1a	inhibition	Ccnd2
Pcna	inhibition	Ccnd2
Cdkn2b	inhibition	Ccnd2
Skp1	inhibition	Cdkn1c
Skp1	effect	Cdkn1c
Cul1	inhibition	Cdkn1c
Cul1	effect	Cdkn1c
Rbx1	inhibition	Cdkn1c
Rbx1	effect	Cdkn1c
Skp2	inhibition	Cdkn1c
Skp2	effect	Cdkn1c
Ccnd2	inhibition	Rbl1
Ccnd2	effect	Rbl1
Ccnd2	inhibition	Rbl2
Ccnd2	effect	Rbl2
Ccnd2	inhibition	Rb1
Ccnd2	effect	Rb1
Cdkn2a	inhibition	Ccnd2
Cdkn2c	inhibition	Ccnd2
Cdkn2d	inhibition	Ccnd2
Cdk1	activation	Fbxo43
Cdk1	effect	Fbxo43
Fbxo43	activation	Cdc20
Fbxw11	activation	Fbxo43
Btrc	activation	Fbxo43
Camk2d	activation	Fbxo43
Camk2a	activation	Fbxo43
Camk2b	activation	Fbxo43
Camk2g	activation	Fbxo43
Plk1	activation	Fbxo43
Ppp2ca	inhibition	Fbxo43
Ppp2ca	effect	Fbxo43
Ppp2cb	inhibition	Fbxo43
Ppp2cb	effect	Fbxo43
Ppp2r1a	inhibition	Fbxo43
Ppp2r1a	effect	Fbxo43
Trp53	activation	Thbs1
Trp53	activation	Trp73
Gadd45g	inhibition	Cdk1
Vamp4	activation	Snap23
Vamp4	activation	Stx2
Vamp4	activation	Stx1a
Vamp4	activation	Stx3
Vamp4	activation	Stx4a
Vamp4	activation	Stx1b
Vamp4	activation	Stx16
Vamp4	activation	Stx6
Vamp4	activation	Vti1a
Vamp4	activation	Vti1b
Atg7	activation	Gabarapl1
Atg3	activation	Gabarapl1
Atg4d	activation	Gabarapl1
Atg4c	activation	Gabarapl1
Atg4b	activation	Gabarapl1
Atg4a	activation	Gabarapl1
Atg16l1	activation	Gabarapl1
Atg12	activation	Gabarapl1
Atg5	activation	Gabarapl1
Atg4d	inhibition	Gabarapl1
Atg4c	inhibition	Gabarapl1
Atg4b	inhibition	Gabarapl1
Atg4a	inhibition	Gabarapl1
Usp15	inhibition	Rhot1
Usp30	inhibition	Rhot1
Pink1	activation	Arih1
Tomm40	activation	Arih1
Tomm40l	activation	Arih1
Tomm70a	activation	Arih1
Tomm20	activation	Arih1
Tomm20l	activation	Arih1
Tomm7	activation	Arih1
Prkn	activation	Rps27a
Prkn	effect	Rps27a
Prkn	activation	Rhot1
Prkn	effect	Rhot1
Arih1	activation	Uba52
Arih1	effect	Uba52
Arih1	activation	Ubb
Arih1	effect	Ubb
Arih1	activation	Ubc
Arih1	effect	Ubc
Arih1	activation	Rps27a
Arih1	effect	Rps27a
Arih1	activation	Fkbp8
Arih1	effect	Fkbp8
Arih1	activation	Mfn2
Arih1	effect	Mfn2
Arih1	activation	Rhot2
Arih1	effect	Rhot2
Arih1	activation	Tomm70a
Arih1	effect	Tomm70a
Arih1	activation	Rhot1
Arih1	effect	Rhot1
Arih1	activation	Mfn1
Arih1	effect	Mfn1
Siah1a	activation	Rps27a
Siah1a	effect	Rps27a
Siah1b	activation	Rps27a
Siah1b	effect	Rps27a
Siah1a	activation	Rhot1
Siah1a	effect	Rhot1
Siah1b	activation	Rhot1
Siah1b	effect	Rhot1
Huwe1	activation	Rps27a
Huwe1	effect	Rps27a
Huwe1	activation	Rhot1
Huwe1	effect	Rhot1
Mul1	activation	Rps27a
Mul1	effect	Rps27a
Mul1	activation	Rhot1
Mul1	effect	Rhot1
Amfr	activation	Rps27a
Amfr	effect	Rps27a
Amfr	activation	Rhot1
Amfr	effect	Rhot1
Smurf2	activation	Rps27a
Smurf2	effect	Rps27a
Smurf1	activation	Rps27a
Smurf1	effect	Rps27a
Smurf2	activation	Rhot1
Smurf2	effect	Rhot1
Smurf1	activation	Rhot1
Smurf1	effect	Rhot1
Traf2	activation	Rps27a
Traf2	effect	Rps27a
Traf2	activation	Rhot1
Traf2	effect	Rhot1
Marchf5	activation	Rps27a
Marchf5	effect	Rps27a
Marchf5	activation	Rhot1
Marchf5	effect	Rhot1
Gabarapl1	activation	Nbr1
Gabarapl1	activation	Sqstm1
Gabarapl1	activation	Tax1bp1
Gabarapl1	activation	Optn
Gabarapl1	activation	Wdfy3
Gabarapl1	activation	Calcoco2
Gabarapl1	activation	Epg5
Gabarapl1	activation	Plekhm1
Gabarapl1	activation	Vps41
Gabarapl1	activation	Vps18
Gabarapl1	activation	Vps39
Gabarapl1	activation	Vps11
Gabarapl1	activation	Vps33a
Gabarapl1	activation	Vps16
Gabarapl1	activation	Birc6
Gabarapl1	activation	Gorasp2
Gabarapl1	activation	Gorasp1
Sqstm1	inhibition	Rps27a
Sqstm1	effect	Rps27a
Nbr1	inhibition	Rps27a
Optn	activation	Rps27a
Wdfy3	activation	Rps27a
Calcoco2	activation	Rps27a
Wwp1	effect	Fgfr3
Cbl	effect	Fgfr3
Itch	effect	Fgfr3
Mdm2	effect	Fgfr3
Nedd4	effect	Fgfr3
Cblb	effect	Fgfr3
Traf6	effect	Fgfr3
Smurf2	effect	Fgfr3
Rnf41	effect	Fgfr3
Smurf1	effect	Fgfr3
Cblc	effect	Fgfr3
Nedd4l	effect	Fgfr3
Arrb1	effect	Cxcr4
Arrb2	effect	Cxcr4
Itgav	activation	Itgb3
Itgb3	activation	Ptk2
Dnmt3a	inhibition	Dusp7
Dusp7	inhibition	Mapk1
Dusp7	inhibition	Mapk3
Sirpa	activation	Pecam1
Sirpb1a	activation	Pecam1
Sirpb1b	activation	Pecam1
Gm9733	activation	Pecam1
Wnt8a	activation	Fzd10
Wnt9a	activation	Fzd10
Wnt1	activation	Fzd1
Wnt1	activation	Fzd3
Wnt1	activation	Fzd4
Wnt1	activation	Fzd5
Wnt1	activation	Fzd6
Wnt1	activation	Fzd7
Wnt1	activation	Fzd8
Wnt1	activation	Fzd9
Wnt1	activation	Fzd2
Wnt1	activation	Fzd10
Wnt1	activation	Lrp5
Wnt1	activation	Lrp6
Wnt10a	activation	Fzd10
Wnt10b	activation	Fzd10
Wnt11	activation	Fzd10
Wnt9b	activation	Fzd10
Wnt2	activation	Fzd10
Wnt2b	activation	Fzd10
Wnt3	activation	Fzd1
Wnt3	activation	Fzd3
Wnt3	activation	Fzd4
Wnt3	activation	Fzd5
Wnt3	activation	Fzd6
Wnt3	activation	Fzd7
Wnt3	activation	Fzd8
Wnt3	activation	Fzd9
Wnt3	activation	Fzd2
Wnt3	activation	Fzd10
Wnt3	activation	Lrp5
Wnt3	activation	Lrp6
Wnt3a	activation	Fzd1
Wnt3a	activation	Fzd3
Wnt3a	activation	Fzd4
Wnt3a	activation	Fzd5
Wnt3a	activation	Fzd6
Wnt3a	activation	Fzd7
Wnt3a	activation	Fzd8
Wnt3a	activation	Fzd9
Wnt3a	activation	Fzd2
Wnt3a	activation	Fzd10
Wnt3a	activation	Lrp5
Wnt3a	activation	Lrp6
Wnt4	activation	Fzd10
Wnt5a	activation	Fzd1
Wnt5a	activation	Fzd3
Wnt5a	activation	Fzd4
Wnt5a	activation	Fzd5
Wnt5a	activation	Fzd6
Wnt5a	activation	Fzd7
Wnt5a	activation	Fzd8
Wnt5a	activation	Fzd9
Wnt5a	activation	Fzd2
Wnt5a	activation	Fzd10
Wnt5a	activation	Lrp5
Wnt5a	activation	Lrp6
Wnt5b	activation	Fzd1
Wnt5b	activation	Fzd3
Wnt5b	activation	Fzd4
Wnt5b	activation	Fzd5
Wnt5b	activation	Fzd6
Wnt5b	activation	Fzd7
Wnt5b	activation	Fzd8
Wnt5b	activation	Fzd9
Wnt5b	activation	Fzd2
Wnt5b	activation	Fzd10
Wnt5b	activation	Lrp5
Wnt5b	activation	Lrp6
Wnt6	activation	Fzd10
Wnt7a	activation	Fzd10
Wnt7b	activation	Fzd10
Wnt8b	activation	Fzd10
Wnt16	activation	Fzd10
Fzd10	inhibition	Lrp5
Fzd10	effect	Lrp5
Fzd10	inhibition	Lrp6
Fzd10	effect	Lrp6
Fzd10	inhibition	Dvl1
Fzd10	effect	Dvl1
Fzd10	inhibition	Dvl2
Fzd10	effect	Dvl2
Fzd10	inhibition	Dvl3
Fzd10	effect	Dvl3
Fgfr3	activation	Grb2
Fgfr3	activation	Irs1
Flt1	activation	Grb2
Flt1	activation	Irs1
Kdr	activation	Grb2
Kdr	activation	Irs1
Kit	activation	Irs1
Ntrk1	activation	Grb2
Ntrk1	activation	Irs1
Ntrk2	activation	Grb2
Ntrk2	activation	Irs1
Ret	activation	Grb2
Ret	activation	Irs1
Tek	activation	Grb2
Tek	activation	Irs1
Cdkn1b	activation	Ccnd2
Vegfc	effect	Insr
Vegfc	effect	Kdr
Vegfc	effect	Kit
Vegfc	effect	Met
Vegfc	effect	Ngfr
Vegfc	effect	Ntrk1
Vegfc	effect	Ntrk2
Vegfc	effect	Pdgfra
Vegfc	effect	Pdgfrb
Vegfc	effect	Ret
Vegfc	effect	Tek
Fgf22	effect	Ntrk1
Fgf22	effect	Ntrk2
Fgf22	effect	Ret
Fgf22	effect	Tek
Pdgfd	effect	Flt1
Pdgfd	effect	Kdr
Pdgfd	effect	Kit
Pdgfd	effect	Ntrk1
Pdgfd	effect	Ntrk2
Pdgfd	effect	Ret
Pdgfd	effect	Tek
Ntf5	effect	Fgfr3
Ntf5	effect	Flt1
Ntf5	effect	Kdr
Ntf5	effect	Kit
Ntf5	effect	Ntrk1
Ntf5	effect	Ntrk2
Ntf5	effect	Ret
Ntf5	effect	Tek
Fgf20	inhibition	Fgfr3
Fgf20	effect	Fgfr3
Fgf20	inhibition	Flt1
Fgf20	inhibition	Kdr
Fgf20	inhibition	Kit
Fgf20	effect	Kit
Fgf20	inhibition	Ntrk1
Fgf20	inhibition	Ntrk2
Fgf20	inhibition	Ret
Fgf20	inhibition	Tek
Fgf20	effect	Tek
Fgf16	activation	Ret
Cdc37	inhibition	Akt1
Cdc37	effect	Akt1
Cdc37	inhibition	Akt2
Cdc37	effect	Akt2
Cdc37	inhibition	Akt3
Cdkn1a	activation	Ccnd2
Gng12	activation	Pik3r6
Gng12	activation	Pik3cg
Gng12	activation	Pik3r5
Chad	activation	Itga9
Chad	activation	Itga1
Chad	activation	Itga2
Chad	activation	Itga2b
Chad	activation	Itga3
Chad	activation	Itga4
Chad	activation	Itga5
Chad	activation	Itga6
Chad	activation	Itga7
Chad	activation	Itgav
Chad	activation	Itga10
Chad	activation	Itga8
Chad	activation	Itga11
Chad	activation	Itgb1
Chad	activation	Itgb3
Chad	activation	Itgb5
Chad	activation	Itgb6
Chad	activation	Itgb7
Chad	activation	Itgb4
Chad	activation	Itgb8
Chad	activation	Ptk2
Col2a1	activation	Itga9
Col2a1	activation	Itga1
Col2a1	activation	Itga2
Col2a1	activation	Itga2b
Col2a1	activation	Itga3
Col2a1	activation	Itga4
Col2a1	activation	Itga5
Col2a1	activation	Itga6
Col2a1	activation	Itga7
Col2a1	activation	Itgav
Col2a1	activation	Itga10
Col2a1	activation	Itga8
Col2a1	activation	Itga11
Col2a1	activation	Itgb1
Col2a1	activation	Itgb3
Col2a1	activation	Itgb5
Col2a1	activation	Itgb6
Col2a1	activation	Itgb7
Col2a1	activation	Itgb4
Col2a1	activation	Itgb8
Col2a1	activation	Ptk2
Col4a1	activation	Itga2b
Col4a1	activation	Itgb3
Col4a2	activation	Itga2b
Col4a2	activation	Itgb3
Col4a3	activation	Itga2b
Col4a3	activation	Itgb3
Col4a4	activation	Itga2b
Col4a4	activation	Itgb3
Col4a5	activation	Itga2b
Col4a5	activation	Itgb3
Col6a1	activation	Itga2b
Col6a1	activation	Itgb3
Col6a2	activation	Itga2b
Col6a2	activation	Itgb3
Col6a3	activation	Itga2b
Col6a3	activation	Itgb3
Col9a1	activation	Itga9
Col9a1	activation	Itga1
Col9a1	activation	Itga2
Col9a1	activation	Itga2b
Col9a1	activation	Itga3
Col9a1	activation	Itga4
Col9a1	activation	Itga5
Col9a1	activation	Itga6
Col9a1	activation	Itga7
Col9a1	activation	Itgav
Col9a1	activation	Itga10
Col9a1	activation	Itga8
Col9a1	activation	Itga11
Col9a1	activation	Itgb1
Col9a1	activation	Itgb3
Col9a1	activation	Itgb5
Col9a1	activation	Itgb6
Col9a1	activation	Itgb7
Col9a1	activation	Itgb4
Col9a1	activation	Itgb8
Col9a1	activation	Ptk2
Col9a2	activation	Itga2b
Col9a2	activation	Itgb3
Col9a3	activation	Itga2b
Col9a3	activation	Itgb3
Col1a1	activation	Itga9
Col1a1	activation	Itga1
Col1a1	activation	Itga2
Col1a1	activation	Itga2b
Col1a1	activation	Itga3
Col1a1	activation	Itga4
Col1a1	activation	Itga5
Col1a1	activation	Itga6
Col1a1	activation	Itga7
Col1a1	activation	Itgav
Col1a1	activation	Itga10
Col1a1	activation	Itga8
Col1a1	activation	Itga11
Col1a1	activation	Itgb1
Col1a1	activation	Itgb3
Col1a1	activation	Itgb5
Col1a1	activation	Itgb6
Col1a1	activation	Itgb7
Col1a1	activation	Itgb4
Col1a1	activation	Itgb8
Col1a1	activation	Ptk2
Col1a2	activation	Itga2b
Col1a2	activation	Itgb3
Comp	activation	Itga2b
Comp	activation	Itgb3
Fn1	activation	Itga2b
Fn1	activation	Itgb3
Ibsp	activation	Itga2b
Ibsp	activation	Itgb3
Lama1	activation	Itga2b
Lama1	activation	Itgb3
Lama2	activation	Itga2b
Lama2	activation	Itgb3
Lama3	activation	Itga2b
Lama3	activation	Itgb3
Lama4	activation	Itga2b
Lama4	activation	Itgb3
Lama5	activation	Itga9
Lama5	activation	Itga1
Lama5	activation	Itga2
Lama5	activation	Itga2b
Lama5	activation	Itga3
Lama5	activation	Itga4
Lama5	activation	Itga5
Lama5	activation	Itga6
Lama5	activation	Itga7
Lama5	activation	Itgav
Lama5	activation	Itga10
Lama5	activation	Itga8
Lama5	activation	Itga11
Lama5	activation	Itgb1
Lama5	activation	Itgb3
Lama5	activation	Itgb5
Lama5	activation	Itgb6
Lama5	activation	Itgb7
Lama5	activation	Itgb4
Lama5	activation	Itgb8
Lama5	activation	Ptk2
Lamb1	activation	Itga2b
Lamb1	activation	Itgb3
Lamb2	activation	Itga2b
Lamb2	activation	Itgb3
Lamb3	activation	Itga2b
Lamb3	activation	Itgb3
Lamc2	activation	Itga2b
Lamc2	activation	Itgb3
Reln	activation	Itga2b
Reln	activation	Itgb3
Spp1	activation	Itga2b
Spp1	activation	Itgb3
Thbs1	activation	Itga9
Thbs1	activation	Itga1
Thbs1	activation	Itga2
Thbs1	activation	Itga2b
Thbs1	activation	Itga3
Thbs1	activation	Itga4
Thbs1	activation	Itga5
Thbs1	activation	Itga6
Thbs1	activation	Itga7
Thbs1	activation	Itgav
Thbs1	activation	Itga10
Thbs1	activation	Itga8
Thbs1	activation	Itga11
Thbs1	activation	Itgb1
Thbs1	activation	Itgb3
Thbs1	activation	Itgb5
Thbs1	activation	Itgb6
Thbs1	activation	Itgb7
Thbs1	activation	Itgb4
Thbs1	activation	Itgb8
Thbs1	activation	Ptk2
Thbs2	activation	Itga2b
Thbs2	activation	Itgb3
Thbs3	activation	Itga2b
Thbs3	activation	Itgb3
Thbs4	activation	Itga2b
Thbs4	activation	Itgb3
Tnc	activation	Itga2b
Tnc	activation	Itgb3
Tnr	activation	Itga2b
Tnr	activation	Itgb3
Vtn	activation	Itga2b
Vtn	activation	Itgb3
Vwf	activation	Itga9
Vwf	activation	Itga1
Vwf	activation	Itga2
Vwf	activation	Itga2b
Vwf	activation	Itga3
Vwf	activation	Itga4
Vwf	activation	Itga5
Vwf	activation	Itga6
Vwf	activation	Itga7
Vwf	activation	Itgav
Vwf	activation	Itga10
Vwf	activation	Itga8
Vwf	activation	Itga11
Vwf	activation	Itgb1
Vwf	activation	Itgb3
Vwf	activation	Itgb5
Vwf	activation	Itgb6
Vwf	activation	Itgb7
Vwf	activation	Itgb4
Vwf	activation	Itgb8
Vwf	activation	Ptk2
Lamc1	activation	Itga2b
Lamc1	activation	Itgb3
Lamc3	activation	Itga9
Lamc3	activation	Itga1
Lamc3	activation	Itga2
Lamc3	activation	Itga2b
Lamc3	activation	Itga3
Lamc3	activation	Itga4
Lamc3	activation	Itga5
Lamc3	activation	Itga6
Lamc3	activation	Itga7
Lamc3	activation	Itgav
Lamc3	activation	Itga10
Lamc3	activation	Itga8
Lamc3	activation	Itga11
Lamc3	activation	Itgb1
Lamc3	activation	Itgb3
Lamc3	activation	Itgb5
Lamc3	activation	Itgb6
Lamc3	activation	Itgb7
Lamc3	activation	Itgb4
Lamc3	activation	Itgb8
Lamc3	activation	Ptk2
Col6a6	activation	Itga2b
Col6a6	activation	Itgb3
Tnn	activation	Itga2b
Tnn	activation	Itgb3
Col6a5	activation	Itga2b
Col6a5	activation	Itgb3
Col6a4	activation	Itga2b
Col6a4	activation	Itgb3
Tnxb	activation	Itga2b
Tnxb	activation	Itgb3
Col4a6	activation	Itga2b
Col4a6	activation	Itgb3
Ntrk1	activation	Pik3ca
Ntrk1	activation	Pik3cd
Ntrk1	activation	Pik3r1
Ntrk1	activation	Pik3r2
Ntrk1	activation	Pik3r3
Ntrk1	activation	Pik3cb
Ntrk1	activation	Hras
Ntrk1	activation	Kras
Ntrk1	activation	Nras
Ngf	effect	Ntrk1
Diablo	activation	Birc3
Diablo	effect	Birc3
Diablo	activation	Birc2
Diablo	activation	Xiap
Diablo	activation	Birc5
Foxo3	activation	Cryab
Rps6kb2	activation	Foxa2
Rps6kb1	activation	Foxa2
Eif4ebp2	inhibition	Cryab
Foxa2	inhibition	Sod2
Foxa2	inhibition	Cat
Diablo	inhibition	Birc3
Diablo	inhibition	Birc2
Diablo	inhibition	Xiap
Diablo	inhibition	Birc5
Jak1	activation	Stat4
Jak2	activation	Stat4
Jak3	activation	Stat4
Tyk2	activation	Stat4
Stat4	activation	Eif2ak2
Stat4	activation	Ripk1
Cdkn2a	activation	Ccnd2
Cdk4	activation	Ccnd2
Cdk4	effect	Ccnd2
Cdk6	activation	Ccnd2
Cdk6	effect	Ccnd2
Ccnd2	activation	Rb1
Ccnd2	activation	Rbl1
Ccnd2	activation	Rbl2
Cdc25a	inhibition	Ccnd2
Gata4	activation	Traf3ip2
Gata4	activation	Il1a
Sqstm1	activation	Gata4
Cdkn2b	effect	Ccnd2
Actc1	activation	Myl4
Actc1	effect	Myl4
Actc1	activation	Myl2
Actc1	effect	Myl2
Tpm2	activation	Actc1
Tpm2	effect	Actc1
Prkaca	effect	Ryr2
Prkacb	effect	Ryr2
Mapk1	activation	Rps6ka5
Mapk1	effect	Rps6ka5
Mapk3	activation	Rps6ka5
Mapk3	effect	Rps6ka5
Ppp1ca	activation	Ryr2
Ppp1ca	effect	Ryr2
Ppp1cb	activation	Ryr2
Ppp1cc	activation	Ryr2
Ppp1ccb	activation	Ryr2
Gm2436	activation	Ryr2
Gm2446	activation	Ryr2
Ppp2ca	activation	Ryr2
Ppp2cb	inhibition	Ryr2
Ppp2cb	effect	Ryr2
Ppp2r3d	inhibition	Ryr2
Ppp2r3d	effect	Ryr2
Ppp2r5d	inhibition	Ryr2
Ppp2r5d	effect	Ryr2
Ppp2r5b	inhibition	Ryr2
Ppp2r5b	effect	Ryr2
Ppp2r5a	inhibition	Ryr2
Ppp2r5a	effect	Ryr2
Ppp2r3a	inhibition	Ryr2
Ppp2r3a	effect	Ryr2
Ppp2r5c	inhibition	Ryr2
Ppp2r5c	effect	Ryr2
Ppp2r5e	inhibition	Ryr2
Ppp2r5e	effect	Ryr2
Ppp2r2c	inhibition	Ryr2
Ppp2r2c	effect	Ryr2
Ppp2r1a	inhibition	Ryr2
Ppp2r1a	effect	Ryr2
Ppp2r2d	inhibition	Ryr2
Ppp2r2d	effect	Ryr2
Ppp2r3c	inhibition	Ryr2
Ppp2r3c	effect	Ryr2
Ppp2r2a	inhibition	Ryr2
Ppp2r2a	effect	Ryr2
Ppp2r2b	inhibition	Ryr2
Ppp2r2b	effect	Ryr2
Ppp2r1b	inhibition	Ryr2
Ppp2r1b	effect	Ryr2
Camk2d	inhibition	Ryr2
Camk2d	effect	Ryr2
Camk2a	inhibition	Ryr2
Camk2a	effect	Ryr2
Camk2b	inhibition	Ryr2
Camk2b	effect	Ryr2
Camk2g	inhibition	Ryr2
Camk2g	effect	Ryr2
Rps6ka5	inhibition	Atf2
Rps6ka5	effect	Atf2
Rps6ka5	inhibition	Creb1
Rps6ka5	effect	Creb1
Rps6ka5	inhibition	Creb3
Rps6ka5	effect	Creb3
Rps6ka5	inhibition	Atf6b
Rps6ka5	effect	Atf6b
Rps6ka5	inhibition	Creb3l2
Rps6ka5	effect	Creb3l2
Rps6ka5	inhibition	Creb3l3
Rps6ka5	effect	Creb3l3
Rps6ka5	inhibition	Creb5
Rps6ka5	effect	Creb5
Rps6ka5	activation	Creb3l1
Rps6ka5	activation	Creb3l4
Calml4	activation	Mylk
Calm4	activation	Mylk
Ramp2	activation	Gnas
Calcrl	activation	Gnas
Prkaca	inhibition	Mylk
Prkacb	inhibition	Mylk
Mylk	activation	Myl6
Mylk	effect	Myl6
Mylk	activation	Myl6b
Mylk	effect	Myl6b
Mylk	activation	Myl9
Calcb	activation	Ramp2
Calca	activation	Ramp2
Adm	activation	Ramp2
Adm2	activation	Ramp2
Porcn	activation	Wnt1
Porcn	activation	Wnt3
Porcn	activation	Wnt3a
Porcn	activation	Wnt5a
Porcn	activation	Wnt5b
Smad4	activation	Lef1
Nlk	inhibition	Lef1
Nlk	effect	Lef1
Frzb	inhibition	Wnt8a
Frzb	inhibition	Wnt9a
Sfrp2	inhibition	Wnt1
Sfrp1	inhibition	Wnt1
Frzb	inhibition	Wnt1
Sfrp4	inhibition	Wnt1
Sfrp5	inhibition	Wnt1
Frzb	inhibition	Wnt10a
Frzb	inhibition	Wnt10b
Frzb	inhibition	Wnt11
Frzb	inhibition	Wnt9b
Frzb	inhibition	Wnt2
Frzb	inhibition	Wnt2b
Sfrp2	inhibition	Wnt3
Sfrp1	inhibition	Wnt3
Frzb	inhibition	Wnt3
Sfrp4	inhibition	Wnt3
Sfrp5	inhibition	Wnt3
Sfrp2	inhibition	Wnt3a
Sfrp1	inhibition	Wnt3a
Frzb	inhibition	Wnt3a
Sfrp4	inhibition	Wnt3a
Sfrp5	inhibition	Wnt3a
Frzb	inhibition	Wnt4
Sfrp2	inhibition	Wnt5a
Sfrp1	inhibition	Wnt5a
Frzb	inhibition	Wnt5a
Sfrp4	inhibition	Wnt5a
Sfrp5	inhibition	Wnt5a
Sfrp2	inhibition	Wnt5b
Sfrp1	inhibition	Wnt5b
Frzb	inhibition	Wnt5b
Sfrp4	inhibition	Wnt5b
Sfrp5	inhibition	Wnt5b
Frzb	inhibition	Wnt6
Frzb	inhibition	Wnt7a
Frzb	inhibition	Wnt7b
Frzb	inhibition	Wnt8b
Frzb	inhibition	Wnt16
Frzb	inhibition	Fzd1
Frzb	inhibition	Fzd3
Frzb	inhibition	Fzd4
Frzb	inhibition	Fzd5
Frzb	inhibition	Fzd6
Frzb	inhibition	Fzd7
Frzb	inhibition	Fzd8
Frzb	inhibition	Fzd9
Frzb	inhibition	Fzd2
Sfrp2	inhibition	Fzd10
Sfrp1	inhibition	Fzd10
Frzb	inhibition	Fzd10
Sfrp4	inhibition	Fzd10
Sfrp5	inhibition	Fzd10
Cer1	inhibition	Wnt1
Cer1	inhibition	Wnt3
Cer1	inhibition	Wnt3a
Cer1	inhibition	Wnt5a
Cer1	inhibition	Wnt5b
Wif1	inhibition	Wnt8a
Wif1	inhibition	Wnt9a
Wif1	inhibition	Wnt1
Wif1	inhibition	Wnt10a
Wif1	inhibition	Wnt10b
Wif1	inhibition	Wnt11
Wif1	inhibition	Wnt9b
Wif1	inhibition	Wnt2
Wif1	inhibition	Wnt2b
Wif1	inhibition	Wnt3
Wif1	inhibition	Wnt3a
Wif1	inhibition	Wnt4
Wif1	inhibition	Wnt5a
Wif1	inhibition	Wnt5b
Wif1	inhibition	Wnt6
Wif1	inhibition	Wnt7a
Wif1	inhibition	Wnt7b
Wif1	inhibition	Wnt8b
Wif1	inhibition	Wnt16
Dkk1	inhibition	Lrp5
Dkk1	inhibition	Lrp6
Sox17	inhibition	Lef1
Sox17	inhibition	Tcf7
Sox17	inhibition	Tcf7l1
Sox17	inhibition	Tcf7l2
Tle7	inhibition	Lef1
Tle6	inhibition	Lef1
Tle1	inhibition	Lef1
Tle2	inhibition	Lef1
Tle3	inhibition	Lef1
Tle4	inhibition	Lef1
Ctbp1	inhibition	Lef1
Ctbp2	inhibition	Lef1
Nkd2	activation	Dvl1
Nkd2	activation	Dvl2
Nkd2	activation	Dvl3
Nkd2	inhibition	Dvl1
Nkd2	inhibition	Dvl2
Nkd2	inhibition	Dvl3
Ctnnb1	activation	Lef1
Lef1	activation	Myc
Lef1	activation	Jun
Lef1	activation	Fosl1
Lef1	activation	Ccnd1
Lef1	activation	Ccnd2
Tcf7	activation	Ccnd2
Tcf7l1	activation	Ccnd2
Tcf7l2	activation	Ccnd2
Lef1	activation	Ccnd3
Lef1	activation	Ppard
Lef1	activation	Mmp7
Bambi	activation	Fzd10
Serpinf1	inhibition	Lrp5
Serpinf1	inhibition	Lrp6
Notum	inhibition	Wnt1
Notum	inhibition	Wnt3
Notum	inhibition	Wnt3a
Notum	inhibition	Wnt5a
Notum	inhibition	Wnt5b
Rnf43	inhibition	Fzd10
Znrf3	inhibition	Fzd10
Ctnnd2	inhibition	Lef1
Apcdd1	inhibition	Wnt1
Apcdd1	inhibition	Wnt3
Apcdd1	inhibition	Wnt3a
Apcdd1	inhibition	Wnt5a
Apcdd1	inhibition	Wnt5b
Ncstn	activation	Notch4
Aph1b	activation	Notch4
Aph1a	activation	Notch4
Aph1c	activation	Notch4
Psen1	activation	Notch4
Psen2	activation	Notch4
Hes1	activation	Rbpj
Hes1	activation	Rbpjl
Rbpj	activation	Hes1
Rbpj	activation	Hes5
Rbpj	activation	Hey1
Rbpj	inhibition	Hey1
Rbpj	activation	Hey2
Rbpj	inhibition	Hey2
Rbpjl	activation	Hes1
Rbpjl	inhibition	Hes1
Rbpjl	activation	Hes5
Rbpjl	inhibition	Hes5
Rbpjl	inhibition	Hey1
Rbpjl	inhibition	Hey2
Psenen	inhibition	Notch4
Numb	activation	Notch4
Notch4	activation	Dtx1
Notch4	activation	Dtx4
Notch4	activation	Dtx3l
Notch4	activation	Dtx2
Notch4	activation	Dtx3
Notch4	activation	Rbpj
Notch4	activation	Rbpjl
Dvl1	activation	Notch4
Dvl2	activation	Notch4
Dvl3	activation	Notch4
Lfng	activation	Notch4
Mfng	activation	Notch4
Rfng	activation	Notch4
Dll1	inhibition	Notch4
Dll3	inhibition	Notch4
Dll4	inhibition	Notch1
Dll4	inhibition	Notch2
Dll4	inhibition	Notch3
Dll4	inhibition	Notch4
Itch	inhibition	Notch4
Ptch1	inhibition	Smo
Prkaca	activation	Gli2
Prkaca	effect	Gli2
Prkacb	activation	Gli2
Prkacb	effect	Gli2
Hhip	inhibition	Dhh
Hhip	inhibition	Ihh
Hhip	inhibition	Shh
Dhh	activation	Ptch1
Ihh	activation	Ptch1
Shh	activation	Ptch1
Shh	activation	Ptch2
Shh	activation	Boc
Shh	activation	Gas1
Shh	activation	Lrp2
Dhh	activation	Cdon
Ihh	activation	Cdon
Shh	activation	Cdon
Smurf2	effect	Ptch1
Smurf1	effect	Ptch1
Gli2	activation	Gli1
Gli1	activation	Gli2
Gli2	activation	Gli2
Gli3	activation	Gli2
Gli2	activation	Gli3
Gli1	activation	Ptch1
Gli2	activation	Ptch1
Gli2	activation	Ptch2
Gli1	activation	Hhip
Gli2	activation	Hhip
Gli2	activation	Ccnd1
Gli1	activation	Ccnd2
Gli2	activation	Ccnd2
Gli3	activation	Ccnd2
Gli2	activation	Bcl2
Gli2	inhibition	Gli1
Gli1	inhibition	Gli2
Gli2	inhibition	Gli2
Gli3	inhibition	Gli2
Gli2	inhibition	Gli3
Gli1	inhibition	Ptch1
Gli2	inhibition	Ptch1
Gli3	inhibition	Ptch1
Gli2	inhibition	Ptch2
Gli1	inhibition	Hhip
Gli2	inhibition	Hhip
Gli3	inhibition	Hhip
Gli2	inhibition	Ccnd1
Gli1	inhibition	Ccnd2
Gli2	inhibition	Ccnd2
Gli3	inhibition	Ccnd2
Gli2	inhibition	Bcl2
Cul1	effect	Gli2
Fbxw11	effect	Gli2
Btrc	effect	Gli2
Arrb1	activation	Gli2
Arrb2	activation	Gli2
Kif3a	activation	Gli2
Tdpoz7	effect	Gli2
Spopfm2	effect	Gli2
Spop	effect	Gli2
Tdpoz3	effect	Gli2
Tdpoz4	effect	Gli2
Tdpoz5	effect	Gli2
Spopl	effect	Gli2
Cul3	effect	Gli2
Ltbp1	activation	Tgfb2
Thbs1	activation	Ltbp1
Smad4	activation	Id2
Smad4	activation	Id4
Acvr1b	activation	Smad2
Acvr1b	activation	Smad3
Inhba	inhibition	Tgfb2
Inhbb	inhibition	Tgfb2
Inhbb	inhibition	Bmpr1a
Inhbc	inhibition	Tgfb2
Inhbe	inhibition	Tgfb2
Lefty1	inhibition	Tgfb2
Lefty2	inhibition	Tgfb2
Dcn	inhibition	Tgfb2
Bmpr1a	activation	Smad1
Bmpr1a	activation	Smad5
Bmpr1a	activation	Smad9
Bmpr1a	activation	Bmpr2
Bmpr1a	activation	Hjv
Bmpr1a	activation	Neo1
Bmp2	effect	Bmpr1a
Bmp4	activation	Amhr2
Bmp4	effect	Amhr2
Bmp4	activation	Bmpr2
Bmp4	effect	Bmpr2
Bmp8b	inhibition	Amhr2
Bmp8b	inhibition	Bmpr2
Nog	activation	Amh
Nog	activation	Bmp2
Nog	activation	Bmp4
Nog	inhibition	Bmp5
Nog	inhibition	Bmp6
Nog	inhibition	Bmp7
Nog	inhibition	Bmp8a
Nog	inhibition	Bmp8b
Nog	inhibition	Gdf5
Nog	inhibition	Gdf7
Nog	inhibition	Gdf6
Nbl1	inhibition	Bmp4
Nbl1	activation	Bmp8b
Nbl1	effect	Bmp8b
Smad1	activation	Id2
Smad1	effect	Id2
Smad1	activation	Id4
Smad1	effect	Id4
Smad5	inhibition	Id2
Smad9	activation	Id2
Chrd	activation	Bmp4
Chrd	inhibition	Bmp8b
Bambi	inhibition	Bmpr1a
Bambi	inhibition	Acvr1b
Rgma	activation	Bmpr1a
Rgmb	activation	Bmpr1a
Grem1	activation	Bmp4
Grem1	activation	Bmp8b
Grem2	activation	Amh
Grem2	activation	Bmp2
Grem2	activation	Bmp4
Grem2	activation	Bmp5
Grem2	activation	Bmp6
Grem2	activation	Bmp7
Grem2	activation	Bmp8a
Grem2	activation	Bmp8b
Grem2	activation	Gdf5
Grem2	activation	Gdf7
Grem2	activation	Gdf6
Igsf1	activation	Acvr1b
Nrros	activation	Tgfb2
Lrrc32	activation	Tgfb2
Sin3a	inhibition	Smad4
Efnb2	activation	Nck2
Slit1	activation	Robo2
Slit1	activation	Robo1
Slit2	activation	Robo2
Slit2	activation	Robo1
Epha7	activation	Abl1
Epha7	activation	Rasa1
Epha7	activation	Ngef
Ptch1	activation	Smo
Wnt5a	activation	Ryk
Wnt5b	activation	Ryk
Efna1	activation	Epha7
Efna2	activation	Epha7
Efna3	activation	Epha7
Efna4	activation	Epha7
Efna5	activation	Epha7
Efnb2	activation	Ephb2
Efnb2	activation	Ephb3
Efnb2	activation	Ephb4
Efnb2	activation	Ephb6
Efnb2	activation	Ephb1
Rac3	activation	Ablim1
Rac1	activation	Ablim1
Rac2	activation	Ablim1
Cdc42	activation	Ablim1
Ptk2	activation	Unc5b
Ptk2	effect	Unc5b
Src	activation	Unc5b
Src	effect	Unc5b
Ntn1	activation	Dcc
Ntn1	activation	Unc5a
Ntn1	activation	Unc5b
Ntn1	activation	Unc5d
Ntn1	activation	Unc5c
Kdr	activation	Sh2d2a
Kdr	activation	Ptk2
Kdr	activation	Pxn
Kdr	activation	Cdc42
Kdr	activation	Pik3ca
Kdr	activation	Pik3cd
Kdr	activation	Pik3r1
Kdr	activation	Pik3r2
Kdr	activation	Pik3r3
Kdr	activation	Pik3cb
Prkce	activation	Mylk
Gng12	activation	Prkce
Gng12	activation	Prkaa1
Gng12	activation	Prkaa2
Gng12	activation	Prkab2
Gng12	activation	Prkag2
Gng12	activation	Prkab1
Gng12	activation	Prkag1
Gng12	activation	Prkag3
Gng12	activation	Hras
Gng12	activation	Kras
Gng12	activation	Mras
Gng12	activation	Nras
Gng12	activation	Rras
Gng12	activation	Rras2
Mylk	activation	Myl4
Mylk	effect	Myl4
Mylk3	activation	Myl4
Mylk3	effect	Myl4
Mylk2	activation	Myl4
Mylk2	effect	Myl4
Mylk4	activation	Myl4
Mylk4	effect	Myl4
Mylk	activation	Myl3
Mylk	effect	Myl3
Mylk	activation	Myl2
Mylk	effect	Myl2
Mylk3	activation	Myl2
Mylk3	effect	Myl2
Mylk2	activation	Myl2
Mylk2	effect	Myl2
Mylk4	activation	Myl2
Mylk4	effect	Myl2
Gng12	inhibition	Adcy4
Gng12	inhibition	Adcy3
Gng12	inhibition	Adcy6
Gng12	inhibition	Adcy7
Gng12	inhibition	Adcy8
Gng12	inhibition	Adcy9
Gng12	inhibition	Adcy2
Gng12	inhibition	Adcy5
Gng12	inhibition	Adcy10
Gng12	inhibition	Adcy1
Hdac5	inhibition	Mef2c
Hdac4	inhibition	Mef2c
Mef2c	activation	Klf2
Gng12	activation	Camk4
Smad4	activation	Acta2
Smad2	activation	Acta2
Smad3	activation	Acta2
Tnfrsf11a	activation	Fcgr1
Nfatc1	activation	Itgb3
Nfatc1	effect	Itgb3
Fos	activation	Itgb3
Fos	effect	Itgb3
Fosb	activation	Itgb3
Fosb	effect	Itgb3
Fosl1	activation	Itgb3
Fosl1	effect	Itgb3
Fosl2	activation	Itgb3
Fosl2	effect	Itgb3
Jun	activation	Itgb3
Junb	activation	Itgb3
Jund	activation	Itgb3
Fcgr1	activation	Syk
Creb1	activation	Itgb3
Yap1	inhibition	Gli2
Yap1	inhibition	Id2
Yap1	inhibition	Nkd2
Yap1	inhibition	Ccnd2
Yap1	effect	Ccnd2
Yap1	inhibition	Sox2
Yap1	effect	Sox2
Wwtr1	inhibition	Afp
Wwtr1	effect	Afp
Wwtr1	activation	Gli2
Ctnna3	activation	Ywhae
Ctnna3	activation	Ywhag
Ctnna3	activation	Ywhah
Ctnna3	activation	Ywhaq
Ctnna3	activation	Ywhaz
Ctnna3	activation	Ywhab
Tead1	activation	Gli2
Tead1	activation	Nkd2
Tead1	activation	Ccnd2
Tead1	activation	Sox2
Tead2	activation	Gli2
Tead2	activation	Nkd2
Tead2	activation	Ccnd2
Tead2	activation	Sox2
Tead3	activation	Gli2
Tead3	activation	Nkd2
Tead3	activation	Ccnd2
Tead3	activation	Sox2
Tead4	activation	Gli2
Tead4	activation	Nkd2
Tead4	activation	Ccnd2
Tead4	activation	Sox2
Trp73	activation	Bbc3
Smad2	activation	Bmpr1a
Smad3	activation	Bmpr1a
Wnt11	effect	Fzd10
Wnt9b	effect	Fzd10
Wnt2	effect	Fzd10
Wnt4	inhibition	Fzd10
Wnt5a	effect	Fzd8
Wnt5a	effect	Fzd9
Wnt5a	effect	Fzd2
Wnt5a	inhibition	Fzd10
Wnt5b	inhibition	Fzd1
Wnt5b	inhibition	Fzd3
Wnt5b	inhibition	Fzd4
Wnt5b	inhibition	Fzd5
Wnt5b	inhibition	Fzd6
Wnt5b	inhibition	Fzd7
Wnt5b	inhibition	Fzd8
Wnt6	inhibition	Fzd10
Wnt7a	effect	Fzd10
Wnt7b	inhibition	Fzd10
Wnt8b	inhibition	Fzd10
Wnt16	inhibition	Fzd10
Fzd10	activation	Dvl1
Fzd10	activation	Dvl2
Fzd10	activation	Dvl3
Lef1	activation	Axin1
Lef1	activation	Axin2
Lef1	activation	Nkd2
Lef1	activation	Nkd1
Lef1	activation	Sox2
Lef1	activation	Snai2
Lef1	activation	Birc3
Lef1	activation	Birc2
Lef1	activation	Birc5
Tcf7	activation	Nkd2
Tcf7	activation	Sox2
Tcf7l1	activation	Nkd2
Tcf7l1	activation	Sox2
Tcf7l2	activation	Nkd2
Tcf7l2	activation	Sox2
Bmp4	activation	Bmpr1a
Bmp4	activation	Bmpr1b
Gdf6	activation	Bmpr1a
Mylk	activation	Myl7
Mylk	activation	Mylpf
Mylk	activation	Myl10
Mylk	activation	Myl12a
Mylk	activation	Myl12b
Myl2	activation	Actb
Myl2	activation	Actg1
Ppp1r12a	activation	Myl2
Ppp1ca	activation	Myl2
Ppp1cb	activation	Myl2
Ppp1cc	activation	Myl2
Ppp1r12c	activation	Myl2
Ppp1r12b	activation	Myl2
Ppp1ccb	activation	Myl2
Rock1	activation	Myl2
Rock2	activation	Myl2
Parvb	activation	Itgb3
Parvb	activation	Itga2b
Parva	activation	Itgb3
Parva	activation	Itga2b
Parvg	activation	Itgb3
Parvg	activation	Itga2b
Vasp	activation	Itgb3
Vasp	effect	Itga2b
Tln1	inhibition	Itgb3
Tln1	effect	Itgb3
Tln1	inhibition	Itga2b
Tln1	effect	Itga2b
Tln2	inhibition	Itgb3
Tln2	effect	Itgb3
Tln2	inhibition	Itga2b
Tln2	effect	Itga2b
Actn1	inhibition	Itgb3
Actn1	effect	Itgb3
Actn1	inhibition	Itga2b
Actn1	effect	Itga2b
Actn4	inhibition	Itgb3
Actn4	effect	Itgb3
Actn4	activation	Itga2b
Actn4	effect	Itga2b
Pxn	effect	Itga2b
Elk1	activation	Ccnd2
Flt1	activation	Ptk2
Flt1	activation	Pik3ca
Flt1	activation	Pik3cd
Flt1	activation	Pik3r1
Flt1	activation	Pik3r2
Flt1	activation	Pik3r3
Flt1	activation	Pik3cb
Jun	activation	Ccnd2
Pak1	activation	Mylk
Pak3	activation	Mylk
Pak6	activation	Mylk
Pak2	activation	Mylk
Pak5	activation	Mylk
Pak4	activation	Mylk
Ctnnb1	activation	Ccnd2
Emp2	activation	Itgb3
Emp1	activation	Flt1
Emp1	activation	Kdr
Lama5	activation	Cd44
Lama5	activation	Sv2a
Lama5	activation	Sv2b
Lama5	activation	Sv2c
Lama5	activation	Dag1
Lamc3	activation	Cd44
Lamc3	activation	Sv2a
Lamc3	activation	Sv2b
Lamc3	activation	Sv2c
Lamc3	activation	Dag1
Col2a1	activation	Cd44
Col2a1	activation	Sdc1
Col2a1	activation	Sdc4
Col2a1	activation	Gp6
Col9a1	activation	Cd44
Col9a1	activation	Sdc1
Col9a1	activation	Sdc4
Col9a1	activation	Gp6
Col1a1	activation	Cd44
Col1a1	activation	Sdc1
Col1a1	activation	Sdc4
Col1a1	activation	Gp6
Vwf	activation	Gp9
Vwf	activation	Gp1bb
Vwf	activation	Gp1ba
Vwf	activation	Gp5
Thbs1	activation	Sdc1
Thbs1	activation	Sdc4
Thbs1	activation	Cd36
Thbs1	activation	Cd47
Dmp1	activation	Itgb3
Mepe	activation	Itgb3
Selplg	activation	Selp
Pecam1	activation	Pecam1
Pvr	activation	Cd226
Nectin2	activation	Cd226
Lrrc4c	activation	Ntng1
Vsir	activation	Igsf11
Itgb2	activation	Cd226
Itgb2l	activation	Cd226
Itgal	activation	Cd226
Itgb2	activation	Icam2
Itgb2l	activation	Icam2
Itgal	activation	Icam2
Icam2	activation	Itgb2
Icam2	activation	Itgb2l
Icam2	activation	Itgal
Itgb1	activation	Vcam1
Itga4	activation	Vcam1
Itga9	activation	Vcam1
Ptprb	activation	Ctnnb1
Ptprb	effect	Ctnnb1
Rock1	effect	Myl2
Rock2	effect	Myl2
Cldn22	activation	Cldn4
Prkaa1	activation	Myl2
Prkaa2	activation	Myl2
Prkab2	activation	Myl2
Prkag2	activation	Myl2
Prkab1	activation	Myl2
Prkag1	activation	Myl2
Prkag3	activation	Myl2
Prkce	activation	Rdx
Cdk1	activation	Gja1
Prkaca	activation	Gja1
Prkacb	activation	Gja1
Src	activation	Gja1
Mapk1	activation	Gja1
Mapk3	activation	Gja1
Lifr	activation	Jak1
Lifr	activation	Jak2
Lifr	activation	Jak3
Lifr	activation	Grb2
Lifr	activation	Pik3ca
Lifr	activation	Pik3cd
Lifr	activation	Pik3r1
Lifr	activation	Pik3r2
Lifr	activation	Pik3r3
Lifr	activation	Pik3cb
Stat3	activation	Klf4
Klf4	activation	Sox2
Tbx3	activation	Nanog
Inhbc	activation	Acvr1b
Inhbe	activation	Acvr1b
Bmp4	activation	Acvr1
Bmpr1a	activation	Mapk1
Bmpr1a	activation	Mapk3
Bmpr1a	activation	Mapk11
Bmpr1a	activation	Mapk13
Bmpr1a	activation	Mapk14
Bmpr1a	activation	Mapk12
Mapk1	activation	Tbx3
Mapk3	activation	Tbx3
Nanog	activation	Pou5f1
Pou5f1	activation	Sox2
Sox2	activation	Nanog
Fgf2	effect	Fgfr3
Fgfr3	inhibition	Hras
Fgfr3	inhibition	Kras
Fgfr3	inhibition	Nras
Fgfr3	inhibition	Pik3ca
Fgfr3	inhibition	Pik3cd
Fgfr3	inhibition	Pik3r1
Fgfr3	inhibition	Pik3r2
Fgfr3	inhibition	Pik3r3
Fgfr3	inhibition	Pik3cb
Smad5	activation	Id2
Smad5	activation	Id4
Tcf3	inhibition	Esrrb
Tcf3	effect	Esrrb
Procr	inhibition	Proc
Itga2b	activation	Gna13
Itga2b	activation	Fgb
Itga2b	activation	Fga
Itga2b	activation	Fgg
Itgb3	activation	Gna13
Itgb3	activation	Fgb
Itgb3	activation	Fga
Itgb3	activation	Fgg
Actb	activation	Itga2b
Actb	activation	Itgb3
Actg1	activation	Itga2b
Actg1	activation	Itgb3
Fermt3	activation	Itga2b
Fermt3	activation	Itgb3
Src	activation	Fcgr1
Tbkbp1	activation	Ikbkg
Nfatc1	activation	Egr2
Nfatc2	activation	Egr2
Nfatc3	activation	Egr2
Nfatc4	activation	Egr2
Nfkb1	activation	Il23a
Rela	activation	Il23a
Bcl3	inhibition	Il23a
Nfkb1	inhibition	Il23a
Stat1	inhibition	Ccnd2
Stat1	inhibition	Gfap
Stat3	activation	Stat4
Stat3	activation	Ccnd2
Stat3	effect	Ccnd2
Stat3	activation	Gfap
Stat5a	inhibition	Ccnd2
Stat5a	effect	Ccnd2
Stat5a	activation	Gfap
Stat5b	activation	Ccnd2
Stat5b	activation	Gfap
Stat6	activation	Ccnd2
Stat6	activation	Gfap
Mpl	activation	Stat3
Mpl	activation	Stat5a
Mpl	activation	Stat5b
Csf3	activation	Mpl
Epo	activation	Mpl
Gh	activation	Mpl
Lep	activation	Mpl
Prl	activation	Mpl
Prl6a1	activation	Mpl
Prl5a1	activation	Mpl
Stat4	activation	Stat3
Stat4	activation	Stat4
Stat4	activation	Cish
Stat4	activation	Socs3
Stat4	activation	Socs1
Stat4	activation	Socs7
Stat4	activation	Socs2
Stat4	activation	Socs6
Stat4	activation	Socs5
Stat4	activation	Socs4
Stat4	activation	Bcl2
Stat4	activation	Bcl2l1
Stat4	activation	Mcl1
Stat4	activation	Pim1
Stat4	activation	Myc
Stat4	activation	Ccnd1
Stat4	activation	Ccnd2
Stat4	activation	Ccnd3
Stat4	activation	Cdkn1a
Stat4	activation	Aox1
Stat4	activation	Aox2
Stat4	activation	Aox3
Stat4	activation	Aox4
Stat4	activation	Gfap
Il12rb1	activation	Stat4
Il12rb2	activation	Stat4
Il23r	activation	Stat4
Il23a	activation	Jak2
Il23a	activation	Il12rb2
Il23a	activation	Tyk2
Lifr	activation	Stat1
Lifr	effect	Stat1
Lifr	activation	Stat3
Lifr	effect	Stat3
Lifr	activation	Stat6
Lifr	effect	Stat6
Cntf	effect	Lifr
Il11	activation	Lifr
Il13	activation	Lifr
Il6	activation	Lifr
Lif	effect	Lifr
Il27	activation	Lifr
Clcf1	effect	Lifr
Il31	activation	Lifr
Stat2	activation	Ccnd2
Stat2	activation	Gfap
Cish	activation	Stat4
Crebbp	activation	Stat4
Ep300	activation	Stat4
Pias2	activation	Stat4
Pias3	activation	Stat4
Pias1	activation	Stat4
Pias4	activation	Stat4
Fhl1	activation	Stat4
Ptpn2	activation	Stat4
Nfkb1	activation	Gata3
Rela	activation	Gata3
Nfatc1	activation	Gata3
Nfatc2	activation	Gata3
Nfatc2	effect	Gata3
Nfatc3	activation	Gata3
Nfatc3	effect	Gata3
Fos	activation	Gata3
Stat4	activation	Tbx21
Stat4	activation	Ifng
Stat4	activation	Il12rb1
Stat4	activation	Il12rb2
Stat6	activation	Gata3
Gata3	activation	Gata3
Gata3	activation	Il2ra
Gata3	activation	Il4ra
Gata3	activation	Il4
Gata3	activation	Il2
Gata3	activation	Il5
Gata3	activation	Il13
Gata3	activation	Maf
Gata3	activation	Tbx21
Gata3	activation	Il12rb1
Gata3	activation	Il12rb2
Tbx21	activation	Gata3
Tbx21	activation	Runx3
Stat5a	activation	Gata3
Stat5b	activation	Gata3
Jag2	inhibition	Notch2
Maml1	inhibition	Gata3
Maml2	activation	Gata3
Maml3	activation	Gata3
Rbpj	activation	Gata3
Rbpjl	activation	Gata3
Stat5a	activation	Foxp3
Stat5a	effect	Foxp3
Stat5b	activation	Foxp3
Stat5b	effect	Foxp3
Tbx21	inhibition	Runx1
Runx1	inhibition	Rorc
Gata3	inhibition	Rorc
Rara	activation	Foxp3
Rxra	activation	Foxp3
Rxrb	activation	Foxp3
Rxrg	activation	Foxp3
Foxp3	activation	Runx1
Foxp3	activation	Rorc
Smad2	activation	Foxp3
Smad3	activation	Foxp3
Smad4	activation	Foxp3
Ptprc	activation	Lck
Ptprc	activation	Fyn
Fcgr1	activation	Crk
Fcgr1	effect	Crk
Fcgr1	activation	Crkl
Fcgr1	effect	Crkl
Hck	activation	Fcgr1
Hck	effect	Fcgr1
Lyn	activation	Fcgr1
Lyn	effect	Fcgr1
Ptprc	activation	Hck
Ptprc	activation	Lyn
Pik3ca	inhibition	Bin1
Pik3ca	effect	Bin1
Pik3cd	activation	Bin1
Pik3r1	activation	Bin1
Pik3r2	activation	Bin1
Pik3r3	activation	Bin1
Pik3cb	activation	Bin1
Rps6ka5	activation	Atf2
Rps6ka5	activation	Atf4
Rps6ka5	activation	Creb1
Rps6ka5	activation	Creb3
Rps6ka5	activation	Atf6b
Rps6ka5	activation	Creb3l2
Rps6ka5	activation	Creb3l3
Rps6ka5	activation	Creb5
Thy1	inhibition	Arhgap5
Thy1	inhibition	Arhgap35
Vcam1	activation	Cybb
Vcam1	activation	Cyba
Vcam1	activation	Ncf2
Vcam1	activation	Ncf1
Vcam1	activation	Ncf4
Rasd1	activation	Gng12
Gng12	activation	Mapk1
Gng12	activation	Mapk3
Prkaca	activation	Rps6ka5
Prkacb	activation	Rps6ka5
Adcyap1r1	activation	Gng12
Gng12	activation	Adcy4
Gng12	activation	Adcy3
Gng12	activation	Adcy6
Gng12	activation	Adcy7
Gng12	activation	Adcy8
Gng12	activation	Adcy9
Gng12	activation	Adcy2
Gng12	activation	Adcy5
Gng12	activation	Adcy10
Gng12	activation	Adcy1
Mtnr1b	activation	Gng12
Mtnr1a	activation	Gng12
Gng12	activation	Kcnj3
Gng12	activation	Kcnj5
Gng12	activation	Kcnj6
Gng12	activation	Kcnj9
Rasd1	inhibition	Gng12
Bmp8b	inhibition	Prkaa1
Bmp8b	effect	Prkaa1
Bmp8b	inhibition	Prkaa2
Bmp8b	effect	Prkaa2
Bmp8b	inhibition	Prkab2
Bmp8b	effect	Prkab2
Bmp8b	inhibition	Prkag2
Bmp8b	effect	Prkag2
Bmp8b	inhibition	Prkab1
Bmp8b	effect	Prkab1
Bmp8b	inhibition	Prkag1
Bmp8b	effect	Prkag1
Bmp8b	inhibition	Prkag3
Bmp8b	effect	Prkag3
Ntf3	activation	Ntrk3
Ntrk1	activation	Kidins220
Ntrk1	effect	Kidins220
Ntrk1	activation	Frs2
Ntrk1	activation	Sh2b2
Ntrk1	effect	Sh2b2
Ntrk1	activation	Sh2b3
Ntrk1	effect	Sh2b3
Ntrk1	activation	Sh2b1
Ntrk1	effect	Sh2b1
Ntrk2	activation	Sh2b2
Ntrk2	effect	Sh2b2
Ntrk2	activation	Sh2b3
Ntrk2	effect	Sh2b3
Ntrk2	activation	Sh2b1
Ntrk2	effect	Sh2b1
Ntrk3	activation	Sh2b2
Ntrk3	effect	Sh2b2
Ntrk3	activation	Sh2b3
Ntrk3	effect	Sh2b3
Ntrk3	activation	Sh2b1
Ntrk3	effect	Sh2b1
Ntrk1	effect	Shc1
Ntrk1	effect	Shc3
Ntrk1	effect	Shc2
Ntrk1	effect	Shc4
Ntrk2	effect	Shc1
Ntrk2	effect	Shc3
Ntrk2	effect	Shc2
Ntrk2	effect	Shc4
Ntrk3	activation	Shc1
Ntrk3	effect	Shc1
Ntrk3	activation	Shc3
Ntrk3	effect	Shc3
Ntrk3	activation	Shc2
Ntrk3	effect	Shc2
Ntrk3	activation	Shc4
Ntrk3	effect	Shc4
Ntrk1	effect	Irs1
Ntrk2	effect	Irs1
Ntrk3	activation	Irs1
Ntrk3	effect	Irs1
Ntrk1	activation	Plcg1
Ntrk1	activation	Plcg2
Ntrk2	activation	Plcg1
Ntrk2	activation	Plcg2
Ntrk3	activation	Plcg1
Ntrk3	activation	Plcg2
Trp73	inhibition	Trp53
Cnr1	activation	Gng12
Gng12	activation	Mapk11
Gng12	activation	Mapk10
Gng12	activation	Mapk13
Gng12	activation	Mapk14
Gng12	activation	Mapk8
Gng12	activation	Mapk9
Gng12	activation	Mapk12
Gng12	inhibition	Cacna1a
Gng12	inhibition	Cacna1b
Grm7	activation	Gng12
Grm8	activation	Gng12
Grm2	activation	Gng12
Grm3	activation	Gng12
Grm4	activation	Gng12
Gng12	inhibition	Kcnj3
Chrm2	activation	Gng12
Chrm4	activation	Gng12
Gng12	inhibition	Kcnj6
Gng12	inhibition	Pik3r6
Gng12	inhibition	Pik3cg
Gng12	inhibition	Pik3r5
Htr2c	activation	Cacna1c
Htr2c	activation	Cacna1d
Htr2c	activation	Cacna1s
Htr2c	activation	Cacna1f
Htr1a	activation	Gng12
Htr1b	activation	Gng12
Htr1d	activation	Gng12
Htr1f	activation	Gng12
Gng12	inhibition	Plcb1
Gng12	inhibition	Plcb2
Gng12	inhibition	Plcb3
Gng12	inhibition	Plcb4
Gng12	inhibition	Kcnj5
Gng12	inhibition	Kcnj9
Htr5a	activation	Gng12
Htr5b	activation	Gng12
Gabbr2	activation	Gng12
Gabbr1	activation	Gng12
Gng12	inhibition	Cacna1c
Gng12	inhibition	Cacna1d
Gng12	inhibition	Cacna1s
Gng12	inhibition	Cacna1f
Drd2	activation	Gng12
Gng12	activation	Cacna1a
Gng12	activation	Cacna1b
Gng12	activation	Scn1a
Gsk3b	inhibition	Clock
Gsk3a	activation	Clock
Drd3	activation	Gng12
Drd4	activation	Gng12
Pip4k2b	activation	Gsn
Pip4k2c	activation	Gsn
Pikfyve	activation	Gsn
Pip5k1c	activation	Gsn
Pip4k2a	activation	Gsn
Pip5k1b	activation	Gsn
Pip5k1a	activation	Gsn
Slc9a1	activation	Rdx
Gng12	inhibition	Fgd1
Gng12	effect	Fgd1
Gng12	inhibition	Fgd3
Gng12	effect	Fgd3
Gng12	inhibition	Pak1
Gng12	effect	Pak1
Gng12	inhibition	Pak3
Gng12	effect	Pak3
Gng12	inhibition	Pak6
Gng12	effect	Pak6
Gng12	inhibition	Pak2
Gng12	effect	Pak2
Gng12	inhibition	Pak5
Gng12	effect	Pak5
Gng12	inhibition	Pak4
Gng12	effect	Pak4
Bdkrb1	inhibition	Gng12
Bdkrb1	effect	Gng12
Bdkrb2	inhibition	Gng12
Bdkrb2	effect	Gng12
Chrm1	inhibition	Gng12
Chrm1	effect	Gng12
Chrm3	inhibition	Gng12
Chrm3	effect	Gng12
Chrm4	inhibition	Gng12
Chrm4	effect	Gng12
Chrm5	inhibition	Gng12
Chrm5	effect	Gng12
Chrm2	inhibition	Gng12
Chrm2	effect	Gng12
Itgb3	inhibition	Src
Itgb3	inhibition	Crk
Itgb3	inhibition	Crkl
Itgb3	inhibition	Bcar1
Itgb3	inhibition	Ptk2
Fgfr3	activation	Sos1
Fgfr3	activation	Sos2
Fgf10	activation	Insrr
Fgf15	activation	Insrr
Fgf17	activation	Insrr
Fgf4	activation	Insrr
Fgf5	activation	Insrr
Fgf8	activation	Insrr
Myh11	activation	Myl2
Myh9	activation	Myl2
Myh14	activation	Myl2
Myh10	activation	Myl2
Cxcr4	activation	Gna12
Cxcr4	activation	Gna13
Srebf1	activation	Gck
Rapgef4	activation	Ryr2
Mmp2	effect	Hbegf
Ncoa1	activation	Krt14
Ncoa2	activation	Krt14
Ncoa3	activation	Krt14
Ncoa1	activation	Krt19
Ncoa2	activation	Krt19
Ncoa3	activation	Krt19
Esr1	activation	Krt14
Esr2	activation	Krt14
Esr1	activation	Krt19
Esr2	activation	Krt19
Mitf	activation	Tyr
Kit	activation	Hras
Kit	effect	Hras
Kit	activation	Kras
Kit	effect	Kras
Kit	activation	Nras
Kit	effect	Nras
Kitl	effect	Kit
Fzd10	activation	Gnao1
Fzd10	effect	Gnao1
Fzd10	activation	Gnaq
Fzd10	effect	Gnaq
Lef1	activation	Mitf
Lef1	effect	Mitf
Prkcb	activation	Tyr
Prkcb	effect	Tyr
Ctnnb1	effect	Lef1
Wnt8a	effect	Fzd10
Wnt9a	effect	Fzd10
Wnt1	effect	Fzd1
Wnt1	effect	Fzd3
Wnt1	effect	Fzd4
Wnt1	effect	Fzd5
Wnt1	effect	Fzd6
Wnt1	effect	Fzd7
Wnt1	effect	Fzd8
Wnt1	effect	Fzd9
Wnt1	effect	Fzd2
Wnt1	effect	Fzd10
Wnt10a	effect	Fzd10
Wnt10b	effect	Fzd10
Wnt5b	effect	Fzd7
Wnt8b	effect	Fzd10
Wnt16	effect	Fzd10
Stat1	activation	Elf5
Stat1	activation	Gck
Stat1	activation	Ccnd2
Stat3	activation	Elf5
Stat3	activation	Gck
Stat5a	inhibition	Elf5
Stat5a	effect	Elf5
Stat5a	inhibition	Gck
Stat5b	inhibition	Elf5
Stat5b	inhibition	Gck
Stat5b	inhibition	Ccnd2
Itgb3	activation	Plcz1
Itgb3	activation	Plcb1
Itgb3	activation	Plcb2
Itgb3	activation	Plcb3
Itgb3	activation	Plcb4
Itgb3	activation	Plcd1
Itgb3	activation	Plcd4
Itgb3	activation	Plcg1
Itgb3	activation	Plcg2
Itgb3	activation	Plcd3
Itgb3	activation	Plce1
Itgb3	activation	Hras
Itgb3	activation	Kras
Itgb3	activation	Nras
Itgb3	activation	Src
Thra	activation	Notch4
Thra	activation	Bmp4
Thrb	activation	Gata4
Sin3a	activation	Thra
Sin3a	activation	Thrb
Sin3a	activation	Rxra
Sin3a	activation	Rxrb
Sin3a	activation	Rxrg
Mapk1	activation	Mef2c
Mapk1	effect	Mef2c
Mapk7	activation	Mef2c
Ednra	activation	Kcnj2
Nfkb1	activation	Vegfc
Nfkb1	effect	Vegfc
Rela	activation	Vegfc
Rela	effect	Vegfc
Mapk1	activation	Vegfc
Mapk3	activation	Vegfc
Atf2	activation	Vegfc
Atf4	activation	Vegfc
Creb1	activation	Vegfc
Creb3	activation	Vegfc
Atf6b	activation	Vegfc
Creb3l2	activation	Vegfc
Creb3l3	activation	Vegfc
Creb5	activation	Vegfc
Creb3l1	activation	Vegfc
Creb3l4	activation	Vegfc
Gnas	activation	Gng12
Gnao1	inhibition	Gng12
Gnai1	inhibition	Gng12
Gnai2	activation	Gng12
Gnai3	activation	Gng12
Smad2	activation	Col1a1
Prkaca	activation	Mef2c
Prkaca	activation	Runx2
Prkacb	activation	Mef2c
Prkacb	activation	Runx2
Gata3	activation	Pth
Vdr	activation	Pth
Mmp14	inhibition	Hbegf
Mmp15	inhibition	Hbegf
Mmp16	inhibition	Hbegf
Mmp24	inhibition	Hbegf
Mmp17	inhibition	Hbegf
Mmp25	inhibition	Hbegf
Fos	activation	Runx2
Fos	effect	Runx2
Runx2	activation	Mmp13
Runx2	effect	Mmp13
Mef2c	activation	Sost
Agtr1a	activation	Tgfb2
Agtr1b	activation	Tgfb2
Jun	activation	Vegfc
Jun	activation	Vcam1
Stat1	activation	Col1a1
Stat3	activation	Col1a1
Apc	activation	Lef1
Apc2	activation	Lef1
Axin1	activation	Lef1
Axin2	activation	Lef1
Hes1	activation	Neurog3
Onecut1	activation	Pdx1
Onecut1	activation	Hnf1b
Onecut1	activation	Neurog3
Neurod1	activation	Ins1
Neurod1	activation	Ins2
Neurod1	activation	Gck
Neurod1	activation	Iapp
Nkx2-2	activation	Gck
Pax6	activation	Pdx1
Pax6	activation	Iapp
Pax6	activation	Gck
Pax6	activation	Ins1
Pax6	activation	Ins2
Neurog3	activation	Pax6
Neurog3	activation	Neurod1
Vdr	activation	Trpv5
Vdr	activation	Calb1
Vdr	activation	Slc8a2
Vdr	activation	Slc8a3
Vdr	activation	Slc8a1
Calm5	inhibition	Mylk
Calml3	inhibition	Mylk
Calml4	inhibition	Mylk
Nr1h4	activation	Abcb4
Vdr	activation	Slc34a3
Vdr	activation	Slc34a1
Vdr	activation	Slc34a2
Vdr	activation	Trpv6
Vdr	activation	S100g
Vdr	activation	Atp2b2
Vdr	activation	Atp2b3
Vdr	activation	Atp2b4
Vdr	activation	Atp2b1
Apob	inhibition	Sort1
Apob	inhibition	Ldlr
Apoc2	activation	Lpl
Apoe	activation	Lrp2
Apoe	activation	Lrp1
Sort1	inhibition	Apob
Mapt	activation	Tubb3
Wnt8a	inhibition	Fzd10
Wnt9a	inhibition	Fzd10
Wnt1	inhibition	Lrp5
Wnt1	inhibition	Lrp6
Wnt1	inhibition	Fzd1
Wnt1	inhibition	Fzd3
Wnt1	inhibition	Fzd4
Wnt1	inhibition	Fzd5
Wnt1	inhibition	Fzd6
Wnt1	inhibition	Fzd7
Wnt1	inhibition	Fzd8
Wnt1	inhibition	Fzd9
Wnt1	inhibition	Fzd2
Wnt1	inhibition	Fzd10
Wnt10a	inhibition	Fzd10
Wnt10b	inhibition	Fzd10
Wnt3a	inhibition	Lrp5
Wnt3a	effect	Lrp5
Wnt3a	inhibition	Lrp6
Wnt3a	effect	Lrp6
Wnt3a	inhibition	Fzd1
Wnt3a	effect	Fzd1
Wnt3a	inhibition	Fzd3
Wnt3a	effect	Fzd3
Wnt3a	inhibition	Fzd4
Wnt3a	effect	Fzd4
Wnt3a	inhibition	Fzd5
Wnt3a	effect	Fzd5
Wnt3a	inhibition	Fzd6
Wnt3a	effect	Fzd6
Wnt3a	inhibition	Fzd7
Wnt3a	inhibition	Fzd8
Wnt3a	inhibition	Fzd9
Wnt3a	inhibition	Fzd2
Wnt3a	inhibition	Fzd10
Wnt5a	inhibition	Lrp6
Wnt5a	inhibition	Fzd1
Wnt5a	inhibition	Fzd3
Wnt5a	inhibition	Fzd4
Wnt5a	inhibition	Fzd5
Wnt5a	inhibition	Fzd6
Wnt5a	inhibition	Fzd7
Wnt5a	inhibition	Fzd8
Wnt5a	inhibition	Fzd9
Wnt5a	inhibition	Fzd2
Wnt5b	inhibition	Lrp5
Wnt5b	inhibition	Lrp6
Wnt5b	inhibition	Fzd9
Wnt5b	inhibition	Fzd2
Wnt5b	inhibition	Fzd10
Wnt7a	inhibition	Fzd10
Dkk1	activation	Wnt8a
Dkk1	activation	Wnt9a
Dkk1	activation	Wnt1
Dkk1	activation	Wnt10a
Dkk1	activation	Wnt10b
Dkk1	activation	Wnt11
Dkk1	activation	Wnt9b
Dkk1	activation	Wnt2
Dkk1	activation	Wnt2b
Dkk1	activation	Wnt3
Dkk1	activation	Wnt3a
Dkk1	activation	Wnt4
Dkk1	activation	Wnt5a
Dkk1	activation	Wnt5b
Dkk1	activation	Wnt6
Dkk1	activation	Wnt7a
Dkk1	activation	Wnt7b
Dkk1	activation	Wnt8b
Dkk1	activation	Wnt16
Dkk4	activation	Wnt1
Dkk4	activation	Wnt3
Dkk4	activation	Wnt3a
Dkk4	activation	Wnt5a
Dkk4	activation	Wnt5b
Dkk2	activation	Wnt1
Dkk2	activation	Wnt3
Dkk2	activation	Wnt3a
Dkk2	activation	Wnt5a
Dkk2	activation	Wnt5b
Snca	inhibition	Hspa5
Snca	inhibition	Slc18a1
Snca	inhibition	Slc18a2
Snca	inhibition	Ndufb4c
Snca	inhibition	Ndufb4b
Snca	inhibition	Ndufb11
Snca	inhibition	ND1
Snca	inhibition	ND2
Snca	inhibition	ND3
Snca	inhibition	ND4
Snca	inhibition	ND4L
Snca	inhibition	ND5
Snca	inhibition	ND6
Snca	inhibition	Ndufa2
Snca	inhibition	Ndufa4
Snca	inhibition	Ndufs4
Snca	inhibition	Ndufv1
Snca	inhibition	Ndufs8
Snca	inhibition	Ndufs2
Snca	inhibition	Ndufs1
Snca	inhibition	Ndufb6
Snca	inhibition	Ndufs6
Snca	inhibition	Ndufa4l2
Snca	inhibition	Ndufa1
Snca	inhibition	Ndufs5
Snca	inhibition	Ndufb5
Snca	inhibition	Ndufa3
Snca	inhibition	Ndufa9
Snca	inhibition	Ndufb9
Snca	inhibition	Ndufc1
Snca	inhibition	Ndufa12
Snca	inhibition	Ndufa7
Snca	inhibition	Ndufb3
Snca	inhibition	Ndufb7
Snca	inhibition	Ndufa6
Snca	inhibition	Ndufa13
Snca	inhibition	Ndufb8
Snca	inhibition	Ndufa10
Snca	inhibition	Ndufb4
Snca	inhibition	Ndufc2
Snca	inhibition	Ndufb2
Snca	inhibition	Ndufa5
Snca	inhibition	Ndufb10
Snca	inhibition	Ndufs3
Snca	inhibition	Ndufa8
Snca	inhibition	Ndufa11
Snca	inhibition	Ndufab1
Snca	inhibition	Ndufv2
Snca	inhibition	Ndufs7
Snca	inhibition	Ndufv3
Snca	inhibition	Kif5a
Snca	inhibition	Kif5b
Snca	inhibition	Kif5c
Snca	inhibition	Klc1
Snca	inhibition	Klc2
Snca	inhibition	Klc3
Snca	inhibition	Klc4
Snca	inhibition	Psma2
Snca	inhibition	Psma3
Snca	inhibition	Psmb1
Snca	inhibition	Psmb4
Snca	inhibition	Psmb5
Snca	inhibition	Psmb6
Snca	inhibition	Psmb7
Snca	inhibition	Psma1
Snca	inhibition	Psma4
Snca	inhibition	Psma5
Snca	inhibition	Psma6
Snca	inhibition	Psma7
Snca	inhibition	Psmb2
Snca	inhibition	Psmb3
Snca	inhibition	Psma8
Snca	inhibition	Psmd7
Snca	inhibition	Psmc1
Snca	inhibition	Psmc2
Snca	inhibition	Psmc3
Snca	inhibition	Psmc5
Snca	inhibition	Psmd4
Snca	inhibition	Sem1
Snca	inhibition	Psmd2
Snca	inhibition	Psmd3
Snca	inhibition	Psmc4
Snca	inhibition	Psmd13
Snca	inhibition	Adrm1
Snca	inhibition	Psmd8
Snca	inhibition	Psmd14
Snca	inhibition	Psmd6
Snca	inhibition	Psmd12
Snca	inhibition	Psmc6
Snca	inhibition	Psmd9
Snca	inhibition	Psmd11
Snca	inhibition	Psmd1
Sod1	activation	Psma1
Sod1	effect	Sem1
Sod1	activation	Psmc6
Sod1	inhibition	Dnah11
Tardbp	inhibition	Psma1
Tardbp	inhibition	Psmc6
Htt	inhibition	Psma1
Htt	activation	Sem1
Htt	activation	Psmc6
Sin3a	activation	Bdnf
Atxn3	inhibition	Psma1
Atxn3	inhibition	Sem1
Atxn3	inhibition	Psmc6
Prnp	activation	Ryr2
Prnp	inhibition	Psma1
Prnp	inhibition	Sem1
Prnp	inhibition	Psmc6
Prnp	activation	Psma1
Prnp	activation	Sem1
Prnp	activation	Psmc6
Sod1	activation	Dnah11
Sod1	activation	Sem1
Htt	inhibition	Sem1
Htt	inhibition	Psmc6
Mapt	inhibition	Tubb3
Mapt	effect	Tubb3
Wnt2	inhibition	Fzd10
Wnt3	effect	Lrp6
Wnt3	effect	Fzd1
Wnt3	effect	Fzd3
Wnt3	effect	Fzd4
Wnt3	effect	Fzd5
Psen1	inhibition	Ryr2
Psen2	inhibition	Ryr2
Uba1	inhibition	Rps27a
Uba1y	inhibition	Rps27a
Uba7	inhibition	Rps27a
Ube2l3	inhibition	Rps27a
Ube2l6	inhibition	Rps27a
Oprm1	activation	Gng12
Prkaca	activation	Gng12
Prkaca	effect	Gng12
Prkacb	activation	Gng12
Prkacb	effect	Gng12
Prkca	activation	Gng12
Prkca	effect	Gng12
Prkcb	activation	Gng12
Prkcb	effect	Gng12
Prkcg	activation	Gng12
Prkcg	effect	Gng12
Cse1l	activation	Kpna1
Cse1l	effect	Kpna1
Cse1l	activation	Kpna3
Cse1l	effect	Kpna3
Cse1l	activation	Kpna4
Cse1l	effect	Kpna4
Myo6	activation	Pik3c2g
Myo6	activation	Pik3c2b
Pik3c2g	activation	Cyth1
Pik3c2g	effect	Cyth1
Pik3c2g	activation	Cyth2
Pik3c2g	effect	Cyth2
Pik3c2g	activation	Cyth3
Pik3c2g	effect	Cyth3
Pik3c2g	activation	Cyth4
Pik3c2g	effect	Cyth4
Pik3c2g	activation	Snx18
Pik3c2g	effect	Snx18
Pik3c2g	activation	Snx33
Pik3c2g	effect	Snx33
Pik3c2g	activation	Snx9
Pik3c2g	effect	Snx9
Pik3c2b	activation	Cyth1
Pik3c2b	effect	Cyth1
Pik3c2b	activation	Cyth2
Pik3c2b	effect	Cyth2
Pik3c2b	activation	Cyth3
Pik3c2b	effect	Cyth3
Pik3c2b	activation	Cyth4
Pik3c2b	effect	Cyth4
Pik3c2b	activation	Snx18
Pik3c2b	effect	Snx18
Pik3c2b	activation	Snx33
Pik3c2b	effect	Snx33
Src	activation	Git2
Pxn	activation	Git2
Git2	activation	Cdc42
Fcgr1	activation	Prkcb
Fcgr1	activation	Mapk11
Fcgr1	activation	Mapk13
Fcgr1	activation	Mapk14
Fcgr1	activation	Mapk12
Fcgr1	activation	Ptgs2
Tgfb2	activation	Nos2
Tnf	activation	Vcam1
Serpinb6b	activation	Ctsg
Mrc1	activation	Tgfb2
Mrc2	activation	Tgfb2
Mrc2	effect	Tgfb2
Pla2r1	activation	Tgfb2
Pla2r1	effect	Tgfb2
Cd209c	activation	Tgfb2
Cd209d	activation	Tgfb2
Cd209e	activation	Tgfb2
Cd209a	activation	Tgfb2
Cd209a	effect	Tgfb2
Cd209f	activation	Tgfb2
Cd209b	activation	Tgfb2
Cd209g	activation	Tgfb2
Mapk1	activation	Il23a
Mapk3	activation	Il23a
Myd88	activation	Vdr
Tirap	activation	Vdr
Vdr	activation	Camp
Mapk10	activation	Il23a
Mapk8	activation	Il23a
Mapk9	activation	Il23a
Mapk11	activation	Il23a
Jak1	effect	Stat4
Jak2	effect	Stat4
Jak3	effect	Stat4
Tyk2	effect	Stat4
Egr2	activation	Fasl
Ptger1	activation	Gng12
Ptger2	activation	Gng12
Ptger3	activation	Gng12
Ptger4	activation	Gng12
Cxcr4	activation	Gng14
Cxcr4	activation	Gnb1
Cxcr4	activation	Gnb2
Cxcr4	activation	Gnb3
Cxcr4	activation	Gnb4
Cxcr4	activation	Gnb5
Cxcr4	activation	Gngt1
Cxcr4	activation	Gng10
Cxcr4	activation	Gng12
Cxcr4	activation	Gng2
Cxcr4	activation	Gng3
Cxcr4	activation	Gng4
Cxcr4	activation	Gng5
Cxcr4	activation	Gng7
Cxcr4	activation	Gng8
Cxcr4	activation	Gngt2
Cxcr4	activation	Gng13
Cxcr4	activation	Gng11
Gng12	activation	Rhoa
Gng12	activation	4930544G11Rik
Dnajc3	activation	Eif2ak2
Dnajb1	activation	Dnajc3
Col6a2	inhibition	Itgb3
Col6a3	inhibition	Itga2b
Col6a3	inhibition	Itgb3
Col9a1	inhibition	Itga9
Col9a1	inhibition	Itga1
Col9a1	inhibition	Itga2
Col9a1	inhibition	Itga2b
Col9a1	inhibition	Itga3
Col9a1	inhibition	Itga4
Col9a1	inhibition	Itga5
Col9a1	inhibition	Itga6
Col9a1	inhibition	Itga7
Col9a1	inhibition	Itgav
Col9a1	inhibition	Itga10
Col9a1	inhibition	Itga8
Col9a1	inhibition	Itga11
Col9a1	inhibition	Itgb1
Col9a1	inhibition	Itgb3
Col9a1	inhibition	Itgb5
Col9a1	inhibition	Itgb6
Col9a1	inhibition	Itgb7
Col9a1	inhibition	Itgb4
Col9a1	inhibition	Itgb8
Col9a1	inhibition	Ptk2
Col9a2	inhibition	Itga2b
Col9a2	inhibition	Itgb3
Col9a2	effect	Itgb3
Col9a3	inhibition	Itga2b
Col9a3	inhibition	Itgb3
Col1a1	inhibition	Itga9
Col1a1	inhibition	Itga1
Col1a1	inhibition	Itga2
Col1a1	inhibition	Itga2b
Col1a1	inhibition	Itga3
Col1a1	inhibition	Itgb8
Col1a1	inhibition	Ptk2
Col1a2	inhibition	Itga2b
Col1a2	inhibition	Itgb3
Col1a2	effect	Itgb3
Comp	effect	Itga2b
Fn1	effect	Itgb3
Nfx1	activation	Notch4
Notch1	activation	Hes1
Notch1	activation	Hes5
Notch1	activation	Hey1
Notch1	activation	Hey2
Notch2	activation	Hes1
Notch2	activation	Hes5
Notch2	activation	Hey1
Notch2	activation	Hey2
Notch3	activation	Hes1
Notch3	activation	Hes5
Notch3	activation	Hey1
Notch3	activation	Hey2
Notch4	activation	Hes1
Notch4	activation	Hes2
Notch4	activation	Hes3
Notch4	activation	Hes5
Notch4	activation	Hes6
Notch4	activation	Hes7
Notch4	activation	Hey1
Notch4	activation	Hey2
Notch4	activation	Heyl
Rbpjl	activation	Hey1
Rbpjl	activation	Hey2
Maml1	activation	Hes1
Maml1	activation	Hes5
Maml1	activation	Hey1
Maml1	activation	Hey2
Maml2	activation	Hes1
Maml2	activation	Hes5
Maml2	activation	Hey1
Maml2	activation	Hey2
Maml3	activation	Hes1
Maml3	activation	Hes5
Maml3	activation	Hey1
Maml3	activation	Hey2
Myc	activation	Ccnd2
Cdkn2b	activation	Ccnd2
Srf	activation	Egr2
Elk1	activation	Egr2
Elk4	activation	Egr2
Spi1	activation	Egr2
Ets1	activation	Egr2
Ets2	activation	Egr2
Lef1	activation	Creb1
Srpk1	activation	Srsf6
Srpk1	effect	Srsf6
Nfkb1	activation	Vim
Rela	activation	Vim
Nfkb2	inhibition	Vim
Nfkb2	effect	Vim
Relb	activation	Vim
Relb	effect	Vim
Ccr5	activation	Gng12
Adam17	activation	Hbegf
C5ar1	activation	Selp
C5ar1	activation	Vwf
Runx1	inhibition	Spi1
Runx1	inhibition	Cebpa
Shh	inhibition	Ptch1
Stat3	activation	Vegfc
Stat1	activation	Vegfc
Fos	activation	Vegfc
Myc	activation	Vegfc
Epas1	activation	Vegfc
Hif1a	activation	Vegfc
Epas1	activation	Tgfb2
Hif1a	activation	Tgfb2
Gli2	activation	Bmp2
Gli1	activation	Bmp4
Gli2	activation	Bmp4
Gli3	activation	Bmp4
Gli2	activation	Wnt8a
Gli2	activation	Wnt9a
Gli1	activation	Wnt1
Gli2	activation	Wnt1
Gli3	activation	Wnt1
Gli2	activation	Wnt10a
Gli2	activation	Wnt10b
Gli2	activation	Wnt11
Gli2	activation	Wnt9b
Gli2	activation	Wnt2
Gli2	activation	Wnt2b
Gli1	activation	Wnt3
Gli2	activation	Wnt3
Gli3	activation	Wnt3
Gli1	activation	Wnt3a
Gli2	activation	Wnt3a
Gli3	activation	Wnt3a
Gli2	activation	Wnt4
Gli1	activation	Wnt5a
Gli2	activation	Wnt5a
Gli3	activation	Wnt5a
Gli1	activation	Wnt5b
Gli2	activation	Wnt5b
Gli3	activation	Wnt5b
Gli2	activation	Wnt6
Gli2	activation	Wnt7a
Gli2	activation	Wnt7b
Gli2	activation	Wnt8b
Gli2	activation	Wnt16
Runx1	activation	Jup
Ets1	activation	Vegfc
Notch4	activation	Erbb2
Notch4	activation	Flt4
Nfe2l2	activation	Gsta3
Rps6ka5	activation	Myc
Il23a	activation	Csf2rb
Il23a	activation	Csf2rb2
Il23a	activation	Epor
Il23a	activation	Ifnar1
Il23a	activation	Ifnar2
Il23a	activation	Ifngr1
Il23a	activation	Ifngr2
Il23a	activation	Il13ra1
Il23a	activation	Il15ra
Il23a	activation	Il2ra
Il23a	activation	Il2rb
Il23a	activation	Il2rg
Il23a	activation	Il3ra
Il23a	activation	Il4ra
Il23a	activation	Il5ra
Il23a	activation	Il6ra
Il23a	activation	Il6st
Il23a	activation	Il7r
F2	activation	Ednra
Kng1	activation	Ednra
Kng2	activation	Ednra
Agt	activation	Ednra
F2	activation	Cxcr4
Agt	activation	Cxcr4
Itga2b	activation	Ptk2
Runx1	activation	Ctbp1
Mecom	activation	Ctbp1
Runx1	activation	Ctbp2
Mecom	activation	Ctbp2
Runx1	activation	Hdac2
Mecom	activation	Hdac2
Runx1	activation	Hdac1
Mecom	activation	Hdac1
Twist2	activation	Mir10b
Twist2	activation	Mir10a
Mir21a	inhibition	Pdcd4
Cbl	activation	Thbs1
Thbs1	inhibition	Mmp2
Thbs1	inhibition	Mmp9
Lum	inhibition	Tgfb2
Tgfb2	effect	Smad2
Sdc1	activation	Itgb3
Sdc1	activation	Wnt1
Fzd10	activation	Ctnnb1
Sdc2	activation	Rdx
Rdx	activation	Actb
Rdx	activation	Actg1
Gpc1	activation	Hbegf
Gpc3	activation	Wnt1
Gpc3	activation	Wnt3
Gpc3	activation	Wnt3a
Gpc3	activation	Wnt5a
Gpc3	activation	Wnt5b
Shh	activation	Gpc3
Ptpn6	inhibition	Kdr
Ptpn6	effect	Kdr
Tlr2	activation	Pdcd4
Tlr4	activation	Pdcd4
Mir16-1	inhibition	Ccnd2
Mir15a	inhibition	Ccnd2
Mir15a	inhibition	Wnt3
Mir15a	inhibition	Wnt3a
Mir15b	inhibition	Ccnd2
Mir16-2	inhibition	Ccnd2
Mir19a	inhibition	Thbs1
Mir17	inhibition	Vim
Mir29a	inhibition	Dnmt3b
Mir29a	inhibition	Fgfr3
Mir29b-1	inhibition	Dnmt3b
Mir29b-1	inhibition	Fgfr3
Mir29c	inhibition	Dnmt3b
Mir29c	inhibition	Fgfr3
Mir29b-2	inhibition	Dnmt3b
Mir29b-2	inhibition	Fgfr3
Mir125a	inhibition	Fgfr3
Mir125b-1	inhibition	Fgfr3
Mir125b-2	inhibition	Fgfr3
Mir21a	inhibition	Trp63
Mir145a	inhibition	Fgfr3
Mir100	inhibition	Fgfr3
Mir99a	inhibition	Fgfr3
Mir23a	inhibition	Fgfr3
Mir31	inhibition	Rdx
Mir30a	inhibition	Itgb3
Mir30d	inhibition	Itgb3
Mir30e	inhibition	Itgb3
Mir10b	inhibition	Fgfr3
Mir10a	inhibition	Fgfr3
Mir34a	inhibition	Notch4
Mir141	inhibition	Tgfb2
Mir101c	inhibition	Fgfr3
Mir101a	inhibition	Fgfr3
Mir101b	inhibition	Fgfr3
Mir103-1	inhibition	Rps6ka5
Mir103-1	inhibition	Fgfr3
Mir103-2	inhibition	Rps6ka5
Mir103-2	inhibition	Fgfr3
Mir107	inhibition	Rps6ka5
Mir107	inhibition	Fgfr3
Mir34b	inhibition	Notch4
Mir195a	inhibition	Fgfr3
Pgr	activation	Klf4
Pgr	activation	Wnt1
Esr1	activation	Fgf10
Esr2	activation	Fgf10
Esr1	activation	Fgf17
Esr2	activation	Fgf17
Esr1	activation	Fgf4
Esr2	activation	Fgf4
Esr1	activation	Fgf5
Esr2	activation	Fgf5
Esr1	activation	Fgf8
Esr2	activation	Fgf8
Esr1	activation	Dll4
Esr2	activation	Dll4
Mir29a	inhibition	Klf4
Mir29b-1	inhibition	Klf4
Mir29c	inhibition	Klf4
Mir29b-2	inhibition	Klf4
Vdr	activation	Chrna9
Vdr	activation	Ccnd3
Ahr	activation	Gsta3
Arnt	activation	Gsta3
Tgfb2	effect	Tgfbr2
Ret	activation	Kras
Ret	activation	Nras
Sufu	activation	Gli2
Fgfr3	activation	Hras
Fgfr3	effect	Hras
Fgfr3	activation	Kras
Fgfr3	effect	Kras
Fgfr3	activation	Nras
Fgfr3	effect	Nras
Mapk3	inhibition	Rps6ka5
Spi1	activation	Fcgr1
Runx1	activation	Cebpa
Runx1	activation	Spi1
Runx1	activation	Csf1r
Runx1	activation	Mpo
Runx1	activation	Csf2
Runx1	activation	Il3
Jup	activation	Lef1
Kit	inhibition	Pik3r2
Kit	inhibition	Pik3r3
Kit	inhibition	Pik3cb
Kit	inhibition	Grb2
Kit	inhibition	Stat3
Kit	inhibition	Stat5a
Kit	activation	Stat5b
Hes1	activation	Ccnd1
Hes1	activation	Cdkn1a
Hes1	activation	Myc
Hes1	activation	Nfkb2
Hes1	activation	Erbb2
Hes5	activation	Ccnd1
Hes5	activation	Cdkn1a
Hes5	activation	Myc
Hes5	activation	Nfkb2
Hes5	activation	Erbb2
Hey1	activation	Ccnd1
Hey1	activation	Cdkn1a
Hey1	activation	Myc
Hey1	activation	Nfkb2
Hey1	activation	Erbb2
Hey2	activation	Ccnd1
Hey2	activation	Cdkn1a
Hey2	activation	Myc
Hey2	activation	Nfkb2
Hey2	activation	Erbb2
Cdx2	activation	Muc2
Cdx2	activation	Cdh17
Cdx2	activation	Reg4
Cdx2	activation	Abcb1b
Cdx2	activation	Abcb1a
Cdx2	inhibition	Shh
Ntrk3	activation	Hras
Ret	activation	Hras
Ntrk3	activation	Kras
Ntrk3	activation	Nras
Sp1	activation	Slc22a4
Sp1	activation	Slc5a7
Il23a	inhibition	Il23r
Tgfb1	activation	Foxp3
Tgfb2	activation	Foxp3
Tgfb3	activation	Foxp3
Stat4	activation	Il2
Gata3	activation	Ifng
Foxp3	inhibition	Rorc
Itga2b	activation	Actb
Itga2b	activation	Actg1
Itgb3	activation	Actb
Itgb3	effect	Actb
Itgb3	activation	Actg1
Itgb3	effect	Actg1
Tnnc1	activation	Tnni3
Tnnc1	effect	Tnni3
Tnnc1	activation	Tnnt2
Tnnc1	effect	Tnnt2
Tnnt2	activation	Tnni3
Tnnt2	effect	Tnni3
Tnnt2	activation	Tpm1
Tnnt2	effect	Tpm1
Tnnt2	activation	Tpm2
Tnnt2	effect	Tpm2
Tnnt2	activation	Tpm4
Tnnt2	effect	Tpm4
Tnnt2	activation	Tpm3
Tnnt2	effect	Tpm3
Actc1	activation	Tpm2
Actc1	effect	Tpm2
Prkcb	activation	Tgfb2
Prkcb	activation	Col1a1
Nfkb1	activation	Col1a1
Nfkb1	activation	Tgfb2
Rela	inhibition	Col1a1
Rela	inhibition	Tgfb2
Camk2d	activation	Ryr2
Camk2a	activation	Ryr2
Camk2b	activation	Ryr2
Camk2g	activation	Ryr2
Smad3	activation	Tgfb2
Smad3	activation	Col1a1
Nfkb1	activation	Selp
Rela	activation	Selp
Fos	activation	Vcam1
Pik3ca	activation	Itga2b
Pik3ca	effect	Itga2b
Pik3ca	activation	Itgb3
Pik3ca	effect	Itgb3
Pik3cd	activation	Itga2b
Pik3cd	effect	Itga2b
Pik3cd	activation	Itgb3
Pik3cd	effect	Itgb3
Pik3r1	activation	Itga2b
Pik3r1	effect	Itga2b
Pik3r1	activation	Itgb3
Pik3r1	effect	Itgb3
Pik3r2	activation	Itga2b
Pik3r2	effect	Itga2b
Pik3r2	activation	Itgb3
Pik3r2	effect	Itgb3
Pik3r3	activation	Itga2b
Pik3r3	effect	Itga2b
Pik3r3	activation	Itgb3
Pik3cb	activation	Itga2b
Pik3cb	activation	Itgb3
Klf2	activation	Gsta3
Bmp4	activation	Acvr2a
Bmp4	activation	Acvr2b
Bmpr1a	activation	Nox1
Bmpr1a	activation	Cyba
Bmpr1a	activation	Ncf1
Bmpr1a	activation	Ncf2
Bmpr1a	activation	Rac3
Bmpr1a	activation	Rac1
Bmpr1a	activation	Rac2
Cdh5	activation	Prkaa1
Cdh5	activation	Prkaa2
Cdh5	activation	Pik3ca
Cdh5	activation	Pik3cd
Cdh5	activation	Pik3r1
Cdh5	activation	Pik3r2
Cdh5	activation	Pik3r3
Cdh5	activation	Pik3cb
Cdh5	activation	Itgav
Cdh5	activation	Itgb3
Pecam1	activation	Pik3ca
Pecam1	activation	Pik3cd
Pecam1	activation	Pik3r1
Pecam1	activation	Pik3r2
Pecam1	activation	Pik3r3
Pecam1	activation	Pik3cb
Pecam1	activation	Itgav
Pecam1	activation	Itgb3
Kdr	activation	Prkaa1
Kdr	activation	Prkaa2
Kdr	activation	Itgav
Kdr	activation	Itgb3
Itga2b	activation	Src
Itgb3	activation	Nfkb1
Itgb3	activation	Rela
